Seed,Epoch,Routing,Full_Hyperparams,Val_Acc,Val_F1,Val_Runtime_ms,Val_VRAM_MB,Val_Entropy,Val_Expert_Usage
42,1,expert_choice,"{""MODEL_NAME"": ""vinai/phobert-large"", ""MAX_LEN"": 256, ""NUM_LABELS"": 3, ""BATCH_SIZE"": 16, ""LR"": 2e-05, ""EPOCHS"": 20, ""PATIENCE"": 3, ""NUM_EXPERTS"": 8, ""SEEDS"": [42], ""CAPACITY_FACTOR"": 1.2, ""ROUTING_LOSS_WEIGHT"": 1.0, ""RESUME_EXPERIMENT"": true, ""expert_expansion"": 2.0, ""expert_dropout"": 0.1}",0.324,0.1846523262432954,97.99980360364157,7641.546875,0.0,
42,2,expert_choice,"{""MODEL_NAME"": ""vinai/phobert-large"", ""MAX_LEN"": 256, ""NUM_LABELS"": 3, ""BATCH_SIZE"": 16, ""LR"": 2e-05, ""EPOCHS"": 20, ""PATIENCE"": 3, ""NUM_EXPERTS"": 8, ""SEEDS"": [42], ""CAPACITY_FACTOR"": 1.2, ""ROUTING_LOSS_WEIGHT"": 1.0, ""RESUME_EXPERIMENT"": true, ""expert_expansion"": 2.0, ""expert_dropout"": 0.1}",0.333,0.1665416354088522,97.56160917736236,7641.546875,0.0,
42,3,expert_choice,"{""MODEL_NAME"": ""vinai/phobert-large"", ""MAX_LEN"": 256, ""NUM_LABELS"": 3, ""BATCH_SIZE"": 16, ""LR"": 2e-05, ""EPOCHS"": 20, ""PATIENCE"": 3, ""NUM_EXPERTS"": 8, ""SEEDS"": [42], ""CAPACITY_FACTOR"": 1.2, ""ROUTING_LOSS_WEIGHT"": 1.0, ""RESUME_EXPERIMENT"": true, ""expert_expansion"": 2.0, ""expert_dropout"": 0.1}",0.338,0.1787399315899812,97.65595859951442,7641.546875,0.0,
42,4,expert_choice,"{""MODEL_NAME"": ""vinai/phobert-large"", ""MAX_LEN"": 256, ""NUM_LABELS"": 3, ""BATCH_SIZE"": 16, ""LR"": 2e-05, ""EPOCHS"": 20, ""PATIENCE"": 3, ""NUM_EXPERTS"": 8, ""SEEDS"": [42], ""CAPACITY_FACTOR"": 1.2, ""ROUTING_LOSS_WEIGHT"": 1.0, ""RESUME_EXPERIMENT"": true, ""expert_expansion"": 2.0, ""expert_dropout"": 0.1}",0.384,0.2768193021144117,97.56341434660412,7641.546875,0.0,
42,5,expert_choice,"{""MODEL_NAME"": ""vinai/phobert-large"", ""MAX_LEN"": 256, ""NUM_LABELS"": 3, ""BATCH_SIZE"": 16, ""LR"": 2e-05, ""EPOCHS"": 20, ""PATIENCE"": 3, ""NUM_EXPERTS"": 8, ""SEEDS"": [42], ""CAPACITY_FACTOR"": 1.2, ""ROUTING_LOSS_WEIGHT"": 1.0, ""RESUME_EXPERIMENT"": true, ""expert_expansion"": 2.0, ""expert_dropout"": 0.1}",0.305,0.2297194287551086,97.84536513071212,7641.546875,0.0,
42,6,expert_choice,"{""MODEL_NAME"": ""vinai/phobert-large"", ""MAX_LEN"": 256, ""NUM_LABELS"": 3, ""BATCH_SIZE"": 16, ""LR"": 2e-05, ""EPOCHS"": 20, ""PATIENCE"": 3, ""NUM_EXPERTS"": 8, ""SEEDS"": [42], ""CAPACITY_FACTOR"": 1.2, ""ROUTING_LOSS_WEIGHT"": 1.0, ""RESUME_EXPERIMENT"": true, ""expert_expansion"": 2.0, ""expert_dropout"": 0.1}",0.349,0.2234676234676234,97.79673530941918,7641.546875,0.0,
42,7,expert_choice,"{""MODEL_NAME"": ""vinai/phobert-large"", ""MAX_LEN"": 256, ""NUM_LABELS"": 3, ""BATCH_SIZE"": 16, ""LR"": 2e-05, ""EPOCHS"": 20, ""PATIENCE"": 3, ""NUM_EXPERTS"": 8, ""SEEDS"": [42], ""CAPACITY_FACTOR"": 1.2, ""ROUTING_LOSS_WEIGHT"": 1.0, ""RESUME_EXPERIMENT"": true, ""expert_expansion"": 2.0, ""expert_dropout"": 0.1}",0.38,0.2878721024036512,97.98238390967958,7641.546875,0.0,
42,8,expert_choice,"{""MODEL_NAME"": ""vinai/phobert-large"", ""MAX_LEN"": 256, ""NUM_LABELS"": 3, ""BATCH_SIZE"": 16, ""LR"": 2e-05, ""EPOCHS"": 20, ""PATIENCE"": 3, ""NUM_EXPERTS"": 8, ""SEEDS"": [42], ""CAPACITY_FACTOR"": 1.2, ""ROUTING_LOSS_WEIGHT"": 1.0, ""RESUME_EXPERIMENT"": true, ""expert_expansion"": 2.0, ""expert_dropout"": 0.1}",0.375,0.2784352399737015,97.53219665042938,7641.546875,0.0,
42,9,expert_choice,"{""MODEL_NAME"": ""vinai/phobert-large"", ""MAX_LEN"": 256, ""NUM_LABELS"": 3, ""BATCH_SIZE"": 16, ""LR"": 2e-05, ""EPOCHS"": 20, ""PATIENCE"": 3, ""NUM_EXPERTS"": 8, ""SEEDS"": [42], ""CAPACITY_FACTOR"": 1.2, ""ROUTING_LOSS_WEIGHT"": 1.0, ""RESUME_EXPERIMENT"": true, ""expert_expansion"": 2.0, ""expert_dropout"": 0.1}",0.355,0.2601563509785307,98.13798798455132,7641.546875,0.0,
42,10,expert_choice,"{""MODEL_NAME"": ""vinai/phobert-large"", ""MAX_LEN"": 256, ""NUM_LABELS"": 3, ""BATCH_SIZE"": 16, ""LR"": 2e-05, ""EPOCHS"": 20, ""PATIENCE"": 3, ""NUM_EXPERTS"": 8, ""SEEDS"": [42], ""CAPACITY_FACTOR"": 1.2, ""ROUTING_LOSS_WEIGHT"": 1.0, ""RESUME_EXPERIMENT"": true, ""expert_expansion"": 2.0, ""expert_dropout"": 0.1}",0.375,0.2891998518542374,97.72771880740213,7641.546875,0.0,
42,11,expert_choice,"{""MODEL_NAME"": ""vinai/phobert-large"", ""MAX_LEN"": 256, ""NUM_LABELS"": 3, ""BATCH_SIZE"": 16, ""LR"": 2e-05, ""EPOCHS"": 20, ""PATIENCE"": 3, ""NUM_EXPERTS"": 8, ""SEEDS"": [42], ""CAPACITY_FACTOR"": 1.2, ""ROUTING_LOSS_WEIGHT"": 1.0, ""RESUME_EXPERIMENT"": true, ""expert_expansion"": 2.0, ""expert_dropout"": 0.1}",0.349,0.2308796163069544,98.03116132342626,7641.546875,0.0,
42,12,expert_choice,"{""MODEL_NAME"": ""vinai/phobert-large"", ""MAX_LEN"": 256, ""NUM_LABELS"": 3, ""BATCH_SIZE"": 16, ""LR"": 2e-05, ""EPOCHS"": 20, ""PATIENCE"": 3, ""NUM_EXPERTS"": 8, ""SEEDS"": [42], ""CAPACITY_FACTOR"": 1.2, ""ROUTING_LOSS_WEIGHT"": 1.0, ""RESUME_EXPERIMENT"": true, ""expert_expansion"": 2.0, ""expert_dropout"": 0.1}",0.341,0.1913783331916461,97.45576268150694,7641.546875,0.0,
42,13,expert_choice,"{""MODEL_NAME"": ""vinai/phobert-large"", ""MAX_LEN"": 256, ""NUM_LABELS"": 3, ""BATCH_SIZE"": 16, ""LR"": 2e-05, ""EPOCHS"": 20, ""PATIENCE"": 3, ""NUM_EXPERTS"": 8, ""SEEDS"": [42], ""CAPACITY_FACTOR"": 1.2, ""ROUTING_LOSS_WEIGHT"": 1.0, ""RESUME_EXPERIMENT"": true, ""expert_expansion"": 2.0, ""expert_dropout"": 0.1}",0.348,0.2030623116925269,97.43897498600067,7641.546875,0.0,
42,1,expert_choice,"{""MODEL_NAME"": ""vinai/phobert-large"", ""MAX_LEN"": 256, ""NUM_LABELS"": 3, ""BATCH_SIZE"": 16, ""LR"": 2e-05, ""EPOCHS"": 20, ""PATIENCE"": 3, ""NUM_EXPERTS"": 8, ""SEEDS"": [42], ""CAPACITY_FACTOR"": 1.2, ""ROUTING_LOSS_WEIGHT"": 1.0, ""RESUME_EXPERIMENT"": true, ""expert_expansion"": 2.0, ""expert_dropout"": 0.2}",0.333,0.1665416354088522,97.75180286831323,9190.36572265625,0.0,
42,2,expert_choice,"{""MODEL_NAME"": ""vinai/phobert-large"", ""MAX_LEN"": 256, ""NUM_LABELS"": 3, ""BATCH_SIZE"": 16, ""LR"": 2e-05, ""EPOCHS"": 20, ""PATIENCE"": 3, ""NUM_EXPERTS"": 8, ""SEEDS"": [42], ""CAPACITY_FACTOR"": 1.2, ""ROUTING_LOSS_WEIGHT"": 1.0, ""RESUME_EXPERIMENT"": true, ""expert_expansion"": 2.0, ""expert_dropout"": 0.2}",0.446,0.3575316207947541,97.83625981164356,9190.36572265625,0.0,
42,3,expert_choice,"{""MODEL_NAME"": ""vinai/phobert-large"", ""MAX_LEN"": 256, ""NUM_LABELS"": 3, ""BATCH_SIZE"": 16, ""LR"": 2e-05, ""EPOCHS"": 20, ""PATIENCE"": 3, ""NUM_EXPERTS"": 8, ""SEEDS"": [42], ""CAPACITY_FACTOR"": 1.2, ""ROUTING_LOSS_WEIGHT"": 1.0, ""RESUME_EXPERIMENT"": true, ""expert_expansion"": 2.0, ""expert_dropout"": 0.2}",0.39,0.3368587721262203,97.74367393009248,9190.36572265625,0.0,
42,4,expert_choice,"{""MODEL_NAME"": ""vinai/phobert-large"", ""MAX_LEN"": 256, ""NUM_LABELS"": 3, ""BATCH_SIZE"": 16, ""LR"": 2e-05, ""EPOCHS"": 20, ""PATIENCE"": 3, ""NUM_EXPERTS"": 8, ""SEEDS"": [42], ""CAPACITY_FACTOR"": 1.2, ""ROUTING_LOSS_WEIGHT"": 1.0, ""RESUME_EXPERIMENT"": true, ""expert_expansion"": 2.0, ""expert_dropout"": 0.2}",0.425,0.340758729120939,97.71295199318536,9190.36572265625,0.0,
42,5,expert_choice,"{""MODEL_NAME"": ""vinai/phobert-large"", ""MAX_LEN"": 256, ""NUM_LABELS"": 3, ""BATCH_SIZE"": 16, ""LR"": 2e-05, ""EPOCHS"": 20, ""PATIENCE"": 3, ""NUM_EXPERTS"": 8, ""SEEDS"": [42], ""CAPACITY_FACTOR"": 1.2, ""ROUTING_LOSS_WEIGHT"": 1.0, ""RESUME_EXPERIMENT"": true, ""expert_expansion"": 2.0, ""expert_dropout"": 0.2}",0.352,0.2782933506337762,97.56427719479515,9190.36572265625,0.0,
42,1,expert_choice,"{""MODEL_NAME"": ""vinai/phobert-large"", ""MAX_LEN"": 256, ""NUM_LABELS"": 3, ""BATCH_SIZE"": 16, ""LR"": 2e-05, ""EPOCHS"": 20, ""PATIENCE"": 3, ""NUM_EXPERTS"": 8, ""SEEDS"": [42], ""CAPACITY_FACTOR"": 1.2, ""ROUTING_LOSS_WEIGHT"": 1.0, ""RESUME_EXPERIMENT"": true, ""expert_expansion"": 4.0, ""expert_dropout"": 0.1}",0.362,0.287741006426838,99.50123514447894,9685.55859375,0.0,
42,2,expert_choice,"{""MODEL_NAME"": ""vinai/phobert-large"", ""MAX_LEN"": 256, ""NUM_LABELS"": 3, ""BATCH_SIZE"": 16, ""LR"": 2e-05, ""EPOCHS"": 20, ""PATIENCE"": 3, ""NUM_EXPERTS"": 8, ""SEEDS"": [42], ""CAPACITY_FACTOR"": 1.2, ""ROUTING_LOSS_WEIGHT"": 1.0, ""RESUME_EXPERIMENT"": true, ""expert_expansion"": 4.0, ""expert_dropout"": 0.1}",0.426,0.3398861672328506,99.30148578825452,9685.55859375,0.0,
42,3,expert_choice,"{""MODEL_NAME"": ""vinai/phobert-large"", ""MAX_LEN"": 256, ""NUM_LABELS"": 3, ""BATCH_SIZE"": 16, ""LR"": 2e-05, ""EPOCHS"": 20, ""PATIENCE"": 3, ""NUM_EXPERTS"": 8, ""SEEDS"": [42], ""CAPACITY_FACTOR"": 1.2, ""ROUTING_LOSS_WEIGHT"": 1.0, ""RESUME_EXPERIMENT"": true, ""expert_expansion"": 4.0, ""expert_dropout"": 0.1}",0.338,0.2312152424655108,99.16547366550992,9685.55859375,0.0,
42,4,expert_choice,"{""MODEL_NAME"": ""vinai/phobert-large"", ""MAX_LEN"": 256, ""NUM_LABELS"": 3, ""BATCH_SIZE"": 16, ""LR"": 2e-05, ""EPOCHS"": 20, ""PATIENCE"": 3, ""NUM_EXPERTS"": 8, ""SEEDS"": [42], ""CAPACITY_FACTOR"": 1.2, ""ROUTING_LOSS_WEIGHT"": 1.0, ""RESUME_EXPERIMENT"": true, ""expert_expansion"": 4.0, ""expert_dropout"": 0.1}",0.333,0.1665416354088522,99.55521613832504,9685.55859375,0.0,
42,5,expert_choice,"{""MODEL_NAME"": ""vinai/phobert-large"", ""MAX_LEN"": 256, ""NUM_LABELS"": 3, ""BATCH_SIZE"": 16, ""LR"": 2e-05, ""EPOCHS"": 20, ""PATIENCE"": 3, ""NUM_EXPERTS"": 8, ""SEEDS"": [42], ""CAPACITY_FACTOR"": 1.2, ""ROUTING_LOSS_WEIGHT"": 1.0, ""RESUME_EXPERIMENT"": true, ""expert_expansion"": 4.0, ""expert_dropout"": 0.1}",0.333,0.1665416354088522,99.05761764163064,9685.55859375,0.0,
42,1,expert_choice,"{""MODEL_NAME"": ""vinai/phobert-large"", ""MAX_LEN"": 256, ""NUM_LABELS"": 3, ""BATCH_SIZE"": 16, ""LR"": 2e-05, ""EPOCHS"": 20, ""PATIENCE"": 3, ""NUM_EXPERTS"": 8, ""SEEDS"": [42], ""CAPACITY_FACTOR"": 1.2, ""ROUTING_LOSS_WEIGHT"": 1.0, ""RESUME_EXPERIMENT"": true, ""expert_expansion"": 4.0, ""expert_dropout"": 0.2}",0.333,0.1665416354088522,99.04446677556116,9813.25390625,0.0,
42,2,expert_choice,"{""MODEL_NAME"": ""vinai/phobert-large"", ""MAX_LEN"": 256, ""NUM_LABELS"": 3, ""BATCH_SIZE"": 16, ""LR"": 2e-05, ""EPOCHS"": 20, ""PATIENCE"": 3, ""NUM_EXPERTS"": 8, ""SEEDS"": [42], ""CAPACITY_FACTOR"": 1.2, ""ROUTING_LOSS_WEIGHT"": 1.0, ""RESUME_EXPERIMENT"": true, ""expert_expansion"": 4.0, ""expert_dropout"": 0.2}",0.334,0.1904509680091809,99.20589129130046,9813.25439453125,0.0,
42,3,expert_choice,"{""MODEL_NAME"": ""vinai/phobert-large"", ""MAX_LEN"": 256, ""NUM_LABELS"": 3, ""BATCH_SIZE"": 16, ""LR"": 2e-05, ""EPOCHS"": 20, ""PATIENCE"": 3, ""NUM_EXPERTS"": 8, ""SEEDS"": [42], ""CAPACITY_FACTOR"": 1.2, ""ROUTING_LOSS_WEIGHT"": 1.0, ""RESUME_EXPERIMENT"": true, ""expert_expansion"": 4.0, ""expert_dropout"": 0.2}",0.333,0.1665416354088522,99.03073310852052,9813.25439453125,0.0,
42,4,expert_choice,"{""MODEL_NAME"": ""vinai/phobert-large"", ""MAX_LEN"": 256, ""NUM_LABELS"": 3, ""BATCH_SIZE"": 16, ""LR"": 2e-05, ""EPOCHS"": 20, ""PATIENCE"": 3, ""NUM_EXPERTS"": 8, ""SEEDS"": [42], ""CAPACITY_FACTOR"": 1.2, ""ROUTING_LOSS_WEIGHT"": 1.0, ""RESUME_EXPERIMENT"": true, ""expert_expansion"": 4.0, ""expert_dropout"": 0.2}",0.333,0.1665416354088522,99.16342629326716,9813.25439453125,0.0,
42,5,expert_choice,"{""MODEL_NAME"": ""vinai/phobert-large"", ""MAX_LEN"": 256, ""NUM_LABELS"": 3, ""BATCH_SIZE"": 16, ""LR"": 2e-05, ""EPOCHS"": 20, ""PATIENCE"": 3, ""NUM_EXPERTS"": 8, ""SEEDS"": [42], ""CAPACITY_FACTOR"": 1.2, ""ROUTING_LOSS_WEIGHT"": 1.0, ""RESUME_EXPERIMENT"": true, ""expert_expansion"": 4.0, ""expert_dropout"": 0.2}",0.333,0.1665416354088522,99.2083435966855,9813.25439453125,0.0,
42,1,smoe,"{""MODEL_NAME"": ""vinai/phobert-large"", ""MAX_LEN"": 256, ""NUM_LABELS"": 3, ""BATCH_SIZE"": 16, ""LR"": 2e-05, ""EPOCHS"": 20, ""PATIENCE"": 3, ""NUM_EXPERTS"": 8, ""SEEDS"": [42], ""CAPACITY_FACTOR"": 1.2, ""ROUTING_LOSS_WEIGHT"": 1.0, ""RESUME_EXPERIMENT"": true, ""expert_expansion"": 2.0, ""temperature"": 0.5, ""expert_dropout"": 0.1}",0.333,0.1665416354088522,104.84286717006138,9965.49609375,0.0,
42,2,smoe,"{""MODEL_NAME"": ""vinai/phobert-large"", ""MAX_LEN"": 256, ""NUM_LABELS"": 3, ""BATCH_SIZE"": 16, ""LR"": 2e-05, ""EPOCHS"": 20, ""PATIENCE"": 3, ""NUM_EXPERTS"": 8, ""SEEDS"": [42], ""CAPACITY_FACTOR"": 1.2, ""ROUTING_LOSS_WEIGHT"": 1.0, ""RESUME_EXPERIMENT"": true, ""expert_expansion"": 2.0, ""temperature"": 0.5, ""expert_dropout"": 0.1}",0.326,0.2601205458315251,104.82729805840388,9965.49609375,0.0,
42,3,smoe,"{""MODEL_NAME"": ""vinai/phobert-large"", ""MAX_LEN"": 256, ""NUM_LABELS"": 3, ""BATCH_SIZE"": 16, ""LR"": 2e-05, ""EPOCHS"": 20, ""PATIENCE"": 3, ""NUM_EXPERTS"": 8, ""SEEDS"": [42], ""CAPACITY_FACTOR"": 1.2, ""ROUTING_LOSS_WEIGHT"": 1.0, ""RESUME_EXPERIMENT"": true, ""expert_expansion"": 2.0, ""temperature"": 0.5, ""expert_dropout"": 0.1}",0.332,0.1680178681605425,104.93427609640456,9965.49609375,0.0,
42,4,smoe,"{""MODEL_NAME"": ""vinai/phobert-large"", ""MAX_LEN"": 256, ""NUM_LABELS"": 3, ""BATCH_SIZE"": 16, ""LR"": 2e-05, ""EPOCHS"": 20, ""PATIENCE"": 3, ""NUM_EXPERTS"": 8, ""SEEDS"": [42], ""CAPACITY_FACTOR"": 1.2, ""ROUTING_LOSS_WEIGHT"": 1.0, ""RESUME_EXPERIMENT"": true, ""expert_expansion"": 2.0, ""temperature"": 0.5, ""expert_dropout"": 0.1}",0.333,0.1665416354088522,104.93064683581156,9965.49609375,0.0,
42,5,smoe,"{""MODEL_NAME"": ""vinai/phobert-large"", ""MAX_LEN"": 256, ""NUM_LABELS"": 3, ""BATCH_SIZE"": 16, ""LR"": 2e-05, ""EPOCHS"": 20, ""PATIENCE"": 3, ""NUM_EXPERTS"": 8, ""SEEDS"": [42], ""CAPACITY_FACTOR"": 1.2, ""ROUTING_LOSS_WEIGHT"": 1.0, ""RESUME_EXPERIMENT"": true, ""expert_expansion"": 2.0, ""temperature"": 0.5, ""expert_dropout"": 0.1}",0.335,0.1708855472013366,104.7979990641276,9965.49609375,0.0,
42,1,smoe,"{""MODEL_NAME"": ""vinai/phobert-large"", ""MAX_LEN"": 256, ""NUM_LABELS"": 3, ""BATCH_SIZE"": 16, ""LR"": 2e-05, ""EPOCHS"": 20, ""PATIENCE"": 3, ""NUM_EXPERTS"": 8, ""SEEDS"": [42], ""CAPACITY_FACTOR"": 1.2, ""ROUTING_LOSS_WEIGHT"": 1.0, ""RESUME_EXPERIMENT"": true, ""expert_expansion"": 2.0, ""temperature"": 1.0, ""expert_dropout"": 0.1}",0.333,0.1665416354088522,104.7638976384723,9606.3583984375,0.0,
42,2,smoe,"{""MODEL_NAME"": ""vinai/phobert-large"", ""MAX_LEN"": 256, ""NUM_LABELS"": 3, ""BATCH_SIZE"": 16, ""LR"": 2e-05, ""EPOCHS"": 20, ""PATIENCE"": 3, ""NUM_EXPERTS"": 8, ""SEEDS"": [42], ""CAPACITY_FACTOR"": 1.2, ""ROUTING_LOSS_WEIGHT"": 1.0, ""RESUME_EXPERIMENT"": true, ""expert_expansion"": 2.0, ""temperature"": 1.0, ""expert_dropout"": 0.1}",0.302,0.292700500368167,104.74684124901182,9606.35888671875,0.0,
42,3,smoe,"{""MODEL_NAME"": ""vinai/phobert-large"", ""MAX_LEN"": 256, ""NUM_LABELS"": 3, ""BATCH_SIZE"": 16, ""LR"": 2e-05, ""EPOCHS"": 20, ""PATIENCE"": 3, ""NUM_EXPERTS"": 8, ""SEEDS"": [42], ""CAPACITY_FACTOR"": 1.2, ""ROUTING_LOSS_WEIGHT"": 1.0, ""RESUME_EXPERIMENT"": true, ""expert_expansion"": 2.0, ""temperature"": 1.0, ""expert_dropout"": 0.1}",0.322,0.2050729722787139,104.78258889818947,9606.35888671875,0.0,
42,4,smoe,"{""MODEL_NAME"": ""vinai/phobert-large"", ""MAX_LEN"": 256, ""NUM_LABELS"": 3, ""BATCH_SIZE"": 16, ""LR"": 2e-05, ""EPOCHS"": 20, ""PATIENCE"": 3, ""NUM_EXPERTS"": 8, ""SEEDS"": [42], ""CAPACITY_FACTOR"": 1.2, ""ROUTING_LOSS_WEIGHT"": 1.0, ""RESUME_EXPERIMENT"": true, ""expert_expansion"": 2.0, ""temperature"": 1.0, ""expert_dropout"": 0.1}",0.333,0.2124103811385324,104.76418525453596,9606.35888671875,0.0,
42,5,smoe,"{""MODEL_NAME"": ""vinai/phobert-large"", ""MAX_LEN"": 256, ""NUM_LABELS"": 3, ""BATCH_SIZE"": 16, ""LR"": 2e-05, ""EPOCHS"": 20, ""PATIENCE"": 3, ""NUM_EXPERTS"": 8, ""SEEDS"": [42], ""CAPACITY_FACTOR"": 1.2, ""ROUTING_LOSS_WEIGHT"": 1.0, ""RESUME_EXPERIMENT"": true, ""expert_expansion"": 2.0, ""temperature"": 1.0, ""expert_dropout"": 0.1}",0.338,0.2756360479872436,104.74768895951529,9606.35888671875,0.0,
42,1,smoe,"{""MODEL_NAME"": ""vinai/phobert-large"", ""MAX_LEN"": 256, ""NUM_LABELS"": 3, ""BATCH_SIZE"": 16, ""LR"": 2e-05, ""EPOCHS"": 20, ""PATIENCE"": 3, ""NUM_EXPERTS"": 8, ""SEEDS"": [42], ""CAPACITY_FACTOR"": 1.2, ""ROUTING_LOSS_WEIGHT"": 1.0, ""RESUME_EXPERIMENT"": true, ""expert_expansion"": 2.0, ""temperature"": 2.0, ""expert_dropout"": 0.1}",0.333,0.1665416354088522,104.7818585047646,9606.7373046875,0.0,
42,2,smoe,"{""MODEL_NAME"": ""vinai/phobert-large"", ""MAX_LEN"": 256, ""NUM_LABELS"": 3, ""BATCH_SIZE"": 16, ""LR"": 2e-05, ""EPOCHS"": 20, ""PATIENCE"": 3, ""NUM_EXPERTS"": 8, ""SEEDS"": [42], ""CAPACITY_FACTOR"": 1.2, ""ROUTING_LOSS_WEIGHT"": 1.0, ""RESUME_EXPERIMENT"": true, ""expert_expansion"": 2.0, ""temperature"": 2.0, ""expert_dropout"": 0.1}",0.383,0.372711694517311,104.76392412942552,9606.7373046875,0.0,
42,3,smoe,"{""MODEL_NAME"": ""vinai/phobert-large"", ""MAX_LEN"": 256, ""NUM_LABELS"": 3, ""BATCH_SIZE"": 16, ""LR"": 2e-05, ""EPOCHS"": 20, ""PATIENCE"": 3, ""NUM_EXPERTS"": 8, ""SEEDS"": [42], ""CAPACITY_FACTOR"": 1.2, ""ROUTING_LOSS_WEIGHT"": 1.0, ""RESUME_EXPERIMENT"": true, ""expert_expansion"": 2.0, ""temperature"": 2.0, ""expert_dropout"": 0.1}",0.401,0.3126887464953704,104.61009116399856,9606.7373046875,0.0,
42,4,smoe,"{""MODEL_NAME"": ""vinai/phobert-large"", ""MAX_LEN"": 256, ""NUM_LABELS"": 3, ""BATCH_SIZE"": 16, ""LR"": 2e-05, ""EPOCHS"": 20, ""PATIENCE"": 3, ""NUM_EXPERTS"": 8, ""SEEDS"": [42], ""CAPACITY_FACTOR"": 1.2, ""ROUTING_LOSS_WEIGHT"": 1.0, ""RESUME_EXPERIMENT"": true, ""expert_expansion"": 2.0, ""temperature"": 2.0, ""expert_dropout"": 0.1}",0.416,0.3304068225107172,104.67388894822862,9606.7373046875,0.0,
42,5,smoe,"{""MODEL_NAME"": ""vinai/phobert-large"", ""MAX_LEN"": 256, ""NUM_LABELS"": 3, ""BATCH_SIZE"": 16, ""LR"": 2e-05, ""EPOCHS"": 20, ""PATIENCE"": 3, ""NUM_EXPERTS"": 8, ""SEEDS"": [42], ""CAPACITY_FACTOR"": 1.2, ""ROUTING_LOSS_WEIGHT"": 1.0, ""RESUME_EXPERIMENT"": true, ""expert_expansion"": 2.0, ""temperature"": 2.0, ""expert_dropout"": 0.1}",0.41,0.3191002553492759,104.91698507278684,9606.7373046875,0.0,
42,1,smoe,"{""MODEL_NAME"": ""vinai/phobert-large"", ""MAX_LEN"": 256, ""NUM_LABELS"": 3, ""BATCH_SIZE"": 16, ""LR"": 2e-05, ""EPOCHS"": 20, ""PATIENCE"": 3, ""NUM_EXPERTS"": 8, ""SEEDS"": [42], ""CAPACITY_FACTOR"": 1.2, ""ROUTING_LOSS_WEIGHT"": 1.0, ""RESUME_EXPERIMENT"": true, ""expert_expansion"": 4.0, ""temperature"": 0.5, ""expert_dropout"": 0.1}",0.333,0.1665416354088522,113.01240845332067,10386.9345703125,0.0,
42,2,smoe,"{""MODEL_NAME"": ""vinai/phobert-large"", ""MAX_LEN"": 256, ""NUM_LABELS"": 3, ""BATCH_SIZE"": 16, ""LR"": 2e-05, ""EPOCHS"": 20, ""PATIENCE"": 3, ""NUM_EXPERTS"": 8, ""SEEDS"": [42], ""CAPACITY_FACTOR"": 1.2, ""ROUTING_LOSS_WEIGHT"": 1.0, ""RESUME_EXPERIMENT"": true, ""expert_expansion"": 4.0, ""temperature"": 0.5, ""expert_dropout"": 0.1}",0.334,0.1669165417291354,113.11638544476222,10386.9345703125,0.0,
42,3,smoe,"{""MODEL_NAME"": ""vinai/phobert-large"", ""MAX_LEN"": 256, ""NUM_LABELS"": 3, ""BATCH_SIZE"": 16, ""LR"": 2e-05, ""EPOCHS"": 20, ""PATIENCE"": 3, ""NUM_EXPERTS"": 8, ""SEEDS"": [42], ""CAPACITY_FACTOR"": 1.2, ""ROUTING_LOSS_WEIGHT"": 1.0, ""RESUME_EXPERIMENT"": true, ""expert_expansion"": 4.0, ""temperature"": 0.5, ""expert_dropout"": 0.1}",0.333,0.1665416354088522,113.16054964822436,10386.9345703125,0.0,
42,4,smoe,"{""MODEL_NAME"": ""vinai/phobert-large"", ""MAX_LEN"": 256, ""NUM_LABELS"": 3, ""BATCH_SIZE"": 16, ""LR"": 2e-05, ""EPOCHS"": 20, ""PATIENCE"": 3, ""NUM_EXPERTS"": 8, ""SEEDS"": [42], ""CAPACITY_FACTOR"": 1.2, ""ROUTING_LOSS_WEIGHT"": 1.0, ""RESUME_EXPERIMENT"": true, ""expert_expansion"": 4.0, ""temperature"": 0.5, ""expert_dropout"": 0.1}",0.333,0.1665416354088522,112.85004161653065,10386.9345703125,0.0,
42,5,smoe,"{""MODEL_NAME"": ""vinai/phobert-large"", ""MAX_LEN"": 256, ""NUM_LABELS"": 3, ""BATCH_SIZE"": 16, ""LR"": 2e-05, ""EPOCHS"": 20, ""PATIENCE"": 3, ""NUM_EXPERTS"": 8, ""SEEDS"": [42], ""CAPACITY_FACTOR"": 1.2, ""ROUTING_LOSS_WEIGHT"": 1.0, ""RESUME_EXPERIMENT"": true, ""expert_expansion"": 4.0, ""temperature"": 0.5, ""expert_dropout"": 0.1}",0.333,0.1665416354088522,112.80784531245156,10386.9345703125,0.0,
42,1,smoe,"{""MODEL_NAME"": ""vinai/phobert-large"", ""MAX_LEN"": 256, ""NUM_LABELS"": 3, ""BATCH_SIZE"": 16, ""LR"": 2e-05, ""EPOCHS"": 20, ""PATIENCE"": 3, ""NUM_EXPERTS"": 8, ""SEEDS"": [42], ""CAPACITY_FACTOR"": 1.2, ""ROUTING_LOSS_WEIGHT"": 1.0, ""RESUME_EXPERIMENT"": true, ""expert_expansion"": 4.0, ""temperature"": 1.0, ""expert_dropout"": 0.1}",0.328,0.2084163236400655,112.8304193890284,10514.4970703125,0.0,
42,2,smoe,"{""MODEL_NAME"": ""vinai/phobert-large"", ""MAX_LEN"": 256, ""NUM_LABELS"": 3, ""BATCH_SIZE"": 16, ""LR"": 2e-05, ""EPOCHS"": 20, ""PATIENCE"": 3, ""NUM_EXPERTS"": 8, ""SEEDS"": [42], ""CAPACITY_FACTOR"": 1.2, ""ROUTING_LOSS_WEIGHT"": 1.0, ""RESUME_EXPERIMENT"": true, ""expert_expansion"": 4.0, ""temperature"": 1.0, ""expert_dropout"": 0.1}",0.337,0.2518933886248898,112.7009808071076,10514.49755859375,0.0,
42,3,smoe,"{""MODEL_NAME"": ""vinai/phobert-large"", ""MAX_LEN"": 256, ""NUM_LABELS"": 3, ""BATCH_SIZE"": 16, ""LR"": 2e-05, ""EPOCHS"": 20, ""PATIENCE"": 3, ""NUM_EXPERTS"": 8, ""SEEDS"": [42], ""CAPACITY_FACTOR"": 1.2, ""ROUTING_LOSS_WEIGHT"": 1.0, ""RESUME_EXPERIMENT"": true, ""expert_expansion"": 4.0, ""temperature"": 1.0, ""expert_dropout"": 0.1}",0.328,0.2724729308738152,112.63632774353027,10514.49755859375,0.0,
42,4,smoe,"{""MODEL_NAME"": ""vinai/phobert-large"", ""MAX_LEN"": 256, ""NUM_LABELS"": 3, ""BATCH_SIZE"": 16, ""LR"": 2e-05, ""EPOCHS"": 20, ""PATIENCE"": 3, ""NUM_EXPERTS"": 8, ""SEEDS"": [42], ""CAPACITY_FACTOR"": 1.2, ""ROUTING_LOSS_WEIGHT"": 1.0, ""RESUME_EXPERIMENT"": true, ""expert_expansion"": 4.0, ""temperature"": 1.0, ""expert_dropout"": 0.1}",0.333,0.1665416354088522,112.77789161318825,10514.49755859375,0.0,
42,5,smoe,"{""MODEL_NAME"": ""vinai/phobert-large"", ""MAX_LEN"": 256, ""NUM_LABELS"": 3, ""BATCH_SIZE"": 16, ""LR"": 2e-05, ""EPOCHS"": 20, ""PATIENCE"": 3, ""NUM_EXPERTS"": 8, ""SEEDS"": [42], ""CAPACITY_FACTOR"": 1.2, ""ROUTING_LOSS_WEIGHT"": 1.0, ""RESUME_EXPERIMENT"": true, ""expert_expansion"": 4.0, ""temperature"": 1.0, ""expert_dropout"": 0.1}",0.333,0.1665416354088522,112.70043206593348,10514.49755859375,0.0,
42,6,smoe,"{""MODEL_NAME"": ""vinai/phobert-large"", ""MAX_LEN"": 256, ""NUM_LABELS"": 3, ""BATCH_SIZE"": 16, ""LR"": 2e-05, ""EPOCHS"": 20, ""PATIENCE"": 3, ""NUM_EXPERTS"": 8, ""SEEDS"": [42], ""CAPACITY_FACTOR"": 1.2, ""ROUTING_LOSS_WEIGHT"": 1.0, ""RESUME_EXPERIMENT"": true, ""expert_expansion"": 4.0, ""temperature"": 1.0, ""expert_dropout"": 0.1}",0.34,0.2997203489539062,112.68797753349185,10514.49755859375,0.0,
42,7,smoe,"{""MODEL_NAME"": ""vinai/phobert-large"", ""MAX_LEN"": 256, ""NUM_LABELS"": 3, ""BATCH_SIZE"": 16, ""LR"": 2e-05, ""EPOCHS"": 20, ""PATIENCE"": 3, ""NUM_EXPERTS"": 8, ""SEEDS"": [42], ""CAPACITY_FACTOR"": 1.2, ""ROUTING_LOSS_WEIGHT"": 1.0, ""RESUME_EXPERIMENT"": true, ""expert_expansion"": 4.0, ""temperature"": 1.0, ""expert_dropout"": 0.1}",0.342,0.2685307785408415,112.70052667648072,10514.49755859375,0.0,
42,8,smoe,"{""MODEL_NAME"": ""vinai/phobert-large"", ""MAX_LEN"": 256, ""NUM_LABELS"": 3, ""BATCH_SIZE"": 16, ""LR"": 2e-05, ""EPOCHS"": 20, ""PATIENCE"": 3, ""NUM_EXPERTS"": 8, ""SEEDS"": [42], ""CAPACITY_FACTOR"": 1.2, ""ROUTING_LOSS_WEIGHT"": 1.0, ""RESUME_EXPERIMENT"": true, ""expert_expansion"": 4.0, ""temperature"": 1.0, ""expert_dropout"": 0.1}",0.343,0.3371944676296354,112.79449387202186,10514.49755859375,0.0,
42,9,smoe,"{""MODEL_NAME"": ""vinai/phobert-large"", ""MAX_LEN"": 256, ""NUM_LABELS"": 3, ""BATCH_SIZE"": 16, ""LR"": 2e-05, ""EPOCHS"": 20, ""PATIENCE"": 3, ""NUM_EXPERTS"": 8, ""SEEDS"": [42], ""CAPACITY_FACTOR"": 1.2, ""ROUTING_LOSS_WEIGHT"": 1.0, ""RESUME_EXPERIMENT"": true, ""expert_expansion"": 4.0, ""temperature"": 1.0, ""expert_dropout"": 0.1}",0.333,0.1685194984590125,112.74951223343136,10514.49755859375,0.0,
42,10,smoe,"{""MODEL_NAME"": ""vinai/phobert-large"", ""MAX_LEN"": 256, ""NUM_LABELS"": 3, ""BATCH_SIZE"": 16, ""LR"": 2e-05, ""EPOCHS"": 20, ""PATIENCE"": 3, ""NUM_EXPERTS"": 8, ""SEEDS"": [42], ""CAPACITY_FACTOR"": 1.2, ""ROUTING_LOSS_WEIGHT"": 1.0, ""RESUME_EXPERIMENT"": true, ""expert_expansion"": 4.0, ""temperature"": 1.0, ""expert_dropout"": 0.1}",0.342,0.1906818229927394,112.61787868681408,10514.49755859375,0.0,
42,11,smoe,"{""MODEL_NAME"": ""vinai/phobert-large"", ""MAX_LEN"": 256, ""NUM_LABELS"": 3, ""BATCH_SIZE"": 16, ""LR"": 2e-05, ""EPOCHS"": 20, ""PATIENCE"": 3, ""NUM_EXPERTS"": 8, ""SEEDS"": [42], ""CAPACITY_FACTOR"": 1.2, ""ROUTING_LOSS_WEIGHT"": 1.0, ""RESUME_EXPERIMENT"": true, ""expert_expansion"": 4.0, ""temperature"": 1.0, ""expert_dropout"": 0.1}",0.307,0.212133152567125,112.78666390313045,10514.49755859375,0.0,
42,1,smoe,"{""MODEL_NAME"": ""vinai/phobert-large"", ""MAX_LEN"": 256, ""NUM_LABELS"": 3, ""BATCH_SIZE"": 16, ""LR"": 2e-05, ""EPOCHS"": 20, ""PATIENCE"": 3, ""NUM_EXPERTS"": 8, ""SEEDS"": [42], ""CAPACITY_FACTOR"": 1.2, ""ROUTING_LOSS_WEIGHT"": 1.0, ""RESUME_EXPERIMENT"": true, ""expert_expansion"": 4.0, ""temperature"": 2.0, ""expert_dropout"": 0.1}",0.334,0.2660354797608546,112.7933244856577,10514.4970703125,0.0,
42,2,smoe,"{""MODEL_NAME"": ""vinai/phobert-large"", ""MAX_LEN"": 256, ""NUM_LABELS"": 3, ""BATCH_SIZE"": 16, ""LR"": 2e-05, ""EPOCHS"": 20, ""PATIENCE"": 3, ""NUM_EXPERTS"": 8, ""SEEDS"": [42], ""CAPACITY_FACTOR"": 1.2, ""ROUTING_LOSS_WEIGHT"": 1.0, ""RESUME_EXPERIMENT"": true, ""expert_expansion"": 4.0, ""temperature"": 2.0, ""expert_dropout"": 0.1}",0.328,0.2561096726137694,112.92303933037653,10514.49755859375,0.0,
42,3,smoe,"{""MODEL_NAME"": ""vinai/phobert-large"", ""MAX_LEN"": 256, ""NUM_LABELS"": 3, ""BATCH_SIZE"": 16, ""LR"": 2e-05, ""EPOCHS"": 20, ""PATIENCE"": 3, ""NUM_EXPERTS"": 8, ""SEEDS"": [42], ""CAPACITY_FACTOR"": 1.2, ""ROUTING_LOSS_WEIGHT"": 1.0, ""RESUME_EXPERIMENT"": true, ""expert_expansion"": 4.0, ""temperature"": 2.0, ""expert_dropout"": 0.1}",0.377,0.3510955517734636,112.91115246121844,10514.49755859375,0.0,
42,4,smoe,"{""MODEL_NAME"": ""vinai/phobert-large"", ""MAX_LEN"": 256, ""NUM_LABELS"": 3, ""BATCH_SIZE"": 16, ""LR"": 2e-05, ""EPOCHS"": 20, ""PATIENCE"": 3, ""NUM_EXPERTS"": 8, ""SEEDS"": [42], ""CAPACITY_FACTOR"": 1.2, ""ROUTING_LOSS_WEIGHT"": 1.0, ""RESUME_EXPERIMENT"": true, ""expert_expansion"": 4.0, ""temperature"": 2.0, ""expert_dropout"": 0.1}",0.396,0.3090770495572824,113.0362389579652,10514.49755859375,0.0,
42,5,smoe,"{""MODEL_NAME"": ""vinai/phobert-large"", ""MAX_LEN"": 256, ""NUM_LABELS"": 3, ""BATCH_SIZE"": 16, ""LR"": 2e-05, ""EPOCHS"": 20, ""PATIENCE"": 3, ""NUM_EXPERTS"": 8, ""SEEDS"": [42], ""CAPACITY_FACTOR"": 1.2, ""ROUTING_LOSS_WEIGHT"": 1.0, ""RESUME_EXPERIMENT"": true, ""expert_expansion"": 4.0, ""temperature"": 2.0, ""expert_dropout"": 0.1}",0.357,0.238091804672202,113.1666274297805,10514.49755859375,0.0,
42,6,smoe,"{""MODEL_NAME"": ""vinai/phobert-large"", ""MAX_LEN"": 256, ""NUM_LABELS"": 3, ""BATCH_SIZE"": 16, ""LR"": 2e-05, ""EPOCHS"": 20, ""PATIENCE"": 3, ""NUM_EXPERTS"": 8, ""SEEDS"": [42], ""CAPACITY_FACTOR"": 1.2, ""ROUTING_LOSS_WEIGHT"": 1.0, ""RESUME_EXPERIMENT"": true, ""expert_expansion"": 4.0, ""temperature"": 2.0, ""expert_dropout"": 0.1}",0.39,0.2952056064044121,112.87817879328652,10514.49755859375,0.0,
42,1,micro,"{""MODEL_NAME"": ""vinai/phobert-large"", ""MAX_LEN"": 256, ""NUM_LABELS"": 3, ""BATCH_SIZE"": 16, ""LR"": 2e-05, ""EPOCHS"": 20, ""PATIENCE"": 3, ""NUM_EXPERTS"": 8, ""SEEDS"": [42], ""CAPACITY_FACTOR"": 1.2, ""ROUTING_LOSS_WEIGHT"": 1.0, ""RESUME_EXPERIMENT"": true, ""expert_expansion"": 2.0, ""expert_dropout"": 0.1}",0.333,0.1665416354088522,104.50571302383663,9954.2587890625,0.0,
42,2,micro,"{""MODEL_NAME"": ""vinai/phobert-large"", ""MAX_LEN"": 256, ""NUM_LABELS"": 3, ""BATCH_SIZE"": 16, ""LR"": 2e-05, ""EPOCHS"": 20, ""PATIENCE"": 3, ""NUM_EXPERTS"": 8, ""SEEDS"": [42], ""CAPACITY_FACTOR"": 1.2, ""ROUTING_LOSS_WEIGHT"": 1.0, ""RESUME_EXPERIMENT"": true, ""expert_expansion"": 2.0, ""expert_dropout"": 0.1}",0.333,0.1686332350049164,104.54683455209884,9954.2587890625,0.0,
42,3,micro,"{""MODEL_NAME"": ""vinai/phobert-large"", ""MAX_LEN"": 256, ""NUM_LABELS"": 3, ""BATCH_SIZE"": 16, ""LR"": 2e-05, ""EPOCHS"": 20, ""PATIENCE"": 3, ""NUM_EXPERTS"": 8, ""SEEDS"": [42], ""CAPACITY_FACTOR"": 1.2, ""ROUTING_LOSS_WEIGHT"": 1.0, ""RESUME_EXPERIMENT"": true, ""expert_expansion"": 2.0, ""expert_dropout"": 0.1}",0.333,0.1665416354088522,104.63076167636449,9954.2587890625,0.0,
42,4,micro,"{""MODEL_NAME"": ""vinai/phobert-large"", ""MAX_LEN"": 256, ""NUM_LABELS"": 3, ""BATCH_SIZE"": 16, ""LR"": 2e-05, ""EPOCHS"": 20, ""PATIENCE"": 3, ""NUM_EXPERTS"": 8, ""SEEDS"": [42], ""CAPACITY_FACTOR"": 1.2, ""ROUTING_LOSS_WEIGHT"": 1.0, ""RESUME_EXPERIMENT"": true, ""expert_expansion"": 2.0, ""expert_dropout"": 0.1}",0.333,0.1665416354088522,104.6884476192414,9954.2587890625,0.0,
42,5,micro,"{""MODEL_NAME"": ""vinai/phobert-large"", ""MAX_LEN"": 256, ""NUM_LABELS"": 3, ""BATCH_SIZE"": 16, ""LR"": 2e-05, ""EPOCHS"": 20, ""PATIENCE"": 3, ""NUM_EXPERTS"": 8, ""SEEDS"": [42], ""CAPACITY_FACTOR"": 1.2, ""ROUTING_LOSS_WEIGHT"": 1.0, ""RESUME_EXPERIMENT"": true, ""expert_expansion"": 2.0, ""expert_dropout"": 0.1}",0.33,0.1689300820184633,104.65100833347866,9954.2587890625,0.0,
42,6,micro,"{""MODEL_NAME"": ""vinai/phobert-large"", ""MAX_LEN"": 256, ""NUM_LABELS"": 3, ""BATCH_SIZE"": 16, ""LR"": 2e-05, ""EPOCHS"": 20, ""PATIENCE"": 3, ""NUM_EXPERTS"": 8, ""SEEDS"": [42], ""CAPACITY_FACTOR"": 1.2, ""ROUTING_LOSS_WEIGHT"": 1.0, ""RESUME_EXPERIMENT"": true, ""expert_expansion"": 2.0, ""expert_dropout"": 0.1}",0.331,0.1657901327322815,104.55359352959528,9954.2587890625,0.0,
42,7,micro,"{""MODEL_NAME"": ""vinai/phobert-large"", ""MAX_LEN"": 256, ""NUM_LABELS"": 3, ""BATCH_SIZE"": 16, ""LR"": 2e-05, ""EPOCHS"": 20, ""PATIENCE"": 3, ""NUM_EXPERTS"": 8, ""SEEDS"": [42], ""CAPACITY_FACTOR"": 1.2, ""ROUTING_LOSS_WEIGHT"": 1.0, ""RESUME_EXPERIMENT"": true, ""expert_expansion"": 2.0, ""expert_dropout"": 0.1}",0.333,0.1665416354088522,104.6957666911776,9954.2587890625,0.0,
42,8,micro,"{""MODEL_NAME"": ""vinai/phobert-large"", ""MAX_LEN"": 256, ""NUM_LABELS"": 3, ""BATCH_SIZE"": 16, ""LR"": 2e-05, ""EPOCHS"": 20, ""PATIENCE"": 3, ""NUM_EXPERTS"": 8, ""SEEDS"": [42], ""CAPACITY_FACTOR"": 1.2, ""ROUTING_LOSS_WEIGHT"": 1.0, ""RESUME_EXPERIMENT"": true, ""expert_expansion"": 2.0, ""expert_dropout"": 0.1}",0.374,0.2708774155954747,104.75479610382564,9954.2587890625,0.0,
42,9,micro,"{""MODEL_NAME"": ""vinai/phobert-large"", ""MAX_LEN"": 256, ""NUM_LABELS"": 3, ""BATCH_SIZE"": 16, ""LR"": 2e-05, ""EPOCHS"": 20, ""PATIENCE"": 3, ""NUM_EXPERTS"": 8, ""SEEDS"": [42], ""CAPACITY_FACTOR"": 1.2, ""ROUTING_LOSS_WEIGHT"": 1.0, ""RESUME_EXPERIMENT"": true, ""expert_expansion"": 2.0, ""expert_dropout"": 0.1}",0.353,0.2276737449768476,104.64062009538922,9954.2587890625,0.0,
42,10,micro,"{""MODEL_NAME"": ""vinai/phobert-large"", ""MAX_LEN"": 256, ""NUM_LABELS"": 3, ""BATCH_SIZE"": 16, ""LR"": 2e-05, ""EPOCHS"": 20, ""PATIENCE"": 3, ""NUM_EXPERTS"": 8, ""SEEDS"": [42], ""CAPACITY_FACTOR"": 1.2, ""ROUTING_LOSS_WEIGHT"": 1.0, ""RESUME_EXPERIMENT"": true, ""expert_expansion"": 2.0, ""expert_dropout"": 0.1}",0.398,0.3091970083891449,104.59838594709124,9954.2587890625,0.0,
42,11,micro,"{""MODEL_NAME"": ""vinai/phobert-large"", ""MAX_LEN"": 256, ""NUM_LABELS"": 3, ""BATCH_SIZE"": 16, ""LR"": 2e-05, ""EPOCHS"": 20, ""PATIENCE"": 3, ""NUM_EXPERTS"": 8, ""SEEDS"": [42], ""CAPACITY_FACTOR"": 1.2, ""ROUTING_LOSS_WEIGHT"": 1.0, ""RESUME_EXPERIMENT"": true, ""expert_expansion"": 2.0, ""expert_dropout"": 0.1}",0.333,0.1665416354088522,104.76364408220564,9954.2587890625,0.0,
42,12,micro,"{""MODEL_NAME"": ""vinai/phobert-large"", ""MAX_LEN"": 256, ""NUM_LABELS"": 3, ""BATCH_SIZE"": 16, ""LR"": 2e-05, ""EPOCHS"": 20, ""PATIENCE"": 3, ""NUM_EXPERTS"": 8, ""SEEDS"": [42], ""CAPACITY_FACTOR"": 1.2, ""ROUTING_LOSS_WEIGHT"": 1.0, ""RESUME_EXPERIMENT"": true, ""expert_expansion"": 2.0, ""expert_dropout"": 0.1}",0.333,0.1665416354088522,104.65372933281792,9954.2587890625,0.0,
42,13,micro,"{""MODEL_NAME"": ""vinai/phobert-large"", ""MAX_LEN"": 256, ""NUM_LABELS"": 3, ""BATCH_SIZE"": 16, ""LR"": 2e-05, ""EPOCHS"": 20, ""PATIENCE"": 3, ""NUM_EXPERTS"": 8, ""SEEDS"": [42], ""CAPACITY_FACTOR"": 1.2, ""ROUTING_LOSS_WEIGHT"": 1.0, ""RESUME_EXPERIMENT"": true, ""expert_expansion"": 2.0, ""expert_dropout"": 0.1}",0.333,0.1665416354088522,104.57029039897616,9954.2587890625,0.0,
42,1,micro,"{""MODEL_NAME"": ""vinai/phobert-large"", ""MAX_LEN"": 256, ""NUM_LABELS"": 3, ""BATCH_SIZE"": 16, ""LR"": 2e-05, ""EPOCHS"": 20, ""PATIENCE"": 3, ""NUM_EXPERTS"": 8, ""SEEDS"": [42], ""CAPACITY_FACTOR"": 1.2, ""ROUTING_LOSS_WEIGHT"": 1.0, ""RESUME_EXPERIMENT"": true, ""expert_expansion"": 4.0, ""expert_dropout"": 0.1}",0.333,0.1665416354088522,113.36530579460992,10365.78125,0.0,
42,2,micro,"{""MODEL_NAME"": ""vinai/phobert-large"", ""MAX_LEN"": 256, ""NUM_LABELS"": 3, ""BATCH_SIZE"": 16, ""LR"": 2e-05, ""EPOCHS"": 20, ""PATIENCE"": 3, ""NUM_EXPERTS"": 8, ""SEEDS"": [42], ""CAPACITY_FACTOR"": 1.2, ""ROUTING_LOSS_WEIGHT"": 1.0, ""RESUME_EXPERIMENT"": true, ""expert_expansion"": 4.0, ""expert_dropout"": 0.1}",0.333,0.1665416354088522,112.91240132044231,10365.78125,0.0,
42,3,micro,"{""MODEL_NAME"": ""vinai/phobert-large"", ""MAX_LEN"": 256, ""NUM_LABELS"": 3, ""BATCH_SIZE"": 16, ""LR"": 2e-05, ""EPOCHS"": 20, ""PATIENCE"": 3, ""NUM_EXPERTS"": 8, ""SEEDS"": [42], ""CAPACITY_FACTOR"": 1.2, ""ROUTING_LOSS_WEIGHT"": 1.0, ""RESUME_EXPERIMENT"": true, ""expert_expansion"": 4.0, ""expert_dropout"": 0.1}",0.333,0.1665416354088522,113.09221055772568,10365.78125,0.0,
42,4,micro,"{""MODEL_NAME"": ""vinai/phobert-large"", ""MAX_LEN"": 256, ""NUM_LABELS"": 3, ""BATCH_SIZE"": 16, ""LR"": 2e-05, ""EPOCHS"": 20, ""PATIENCE"": 3, ""NUM_EXPERTS"": 8, ""SEEDS"": [42], ""CAPACITY_FACTOR"": 1.2, ""ROUTING_LOSS_WEIGHT"": 1.0, ""RESUME_EXPERIMENT"": true, ""expert_expansion"": 4.0, ""expert_dropout"": 0.1}",0.333,0.1665416354088522,112.9292155069018,10365.78125,0.0,
42,1,adaptive,"{""MODEL_NAME"": ""vinai/phobert-large"", ""MAX_LEN"": 256, ""NUM_LABELS"": 3, ""BATCH_SIZE"": 16, ""LR"": 2e-05, ""EPOCHS"": 20, ""PATIENCE"": 3, ""NUM_EXPERTS"": 8, ""SEEDS"": [42], ""CAPACITY_FACTOR"": 1.2, ""ROUTING_LOSS_WEIGHT"": 1.0, ""RESUME_EXPERIMENT"": true, ""expert_expansion"": 2.0, ""threshold"": 0.3, ""adapt_lr"": 0.01, ""expert_dropout"": 0.1}",0.334,0.1669165417291354,96.23510496956962,9969.1240234375,0.0,
42,2,adaptive,"{""MODEL_NAME"": ""vinai/phobert-large"", ""MAX_LEN"": 256, ""NUM_LABELS"": 3, ""BATCH_SIZE"": 16, ""LR"": 2e-05, ""EPOCHS"": 20, ""PATIENCE"": 3, ""NUM_EXPERTS"": 8, ""SEEDS"": [42], ""CAPACITY_FACTOR"": 1.2, ""ROUTING_LOSS_WEIGHT"": 1.0, ""RESUME_EXPERIMENT"": true, ""expert_expansion"": 2.0, ""threshold"": 0.3, ""adapt_lr"": 0.01, ""expert_dropout"": 0.1}",0.334,0.1669165417291354,94.4614296867734,9969.1240234375,0.0,
42,3,adaptive,"{""MODEL_NAME"": ""vinai/phobert-large"", ""MAX_LEN"": 256, ""NUM_LABELS"": 3, ""BATCH_SIZE"": 16, ""LR"": 2e-05, ""EPOCHS"": 20, ""PATIENCE"": 3, ""NUM_EXPERTS"": 8, ""SEEDS"": [42], ""CAPACITY_FACTOR"": 1.2, ""ROUTING_LOSS_WEIGHT"": 1.0, ""RESUME_EXPERIMENT"": true, ""expert_expansion"": 2.0, ""threshold"": 0.3, ""adapt_lr"": 0.01, ""expert_dropout"": 0.1}",0.34,0.2680672840915006,95.9860256740025,9969.1240234375,0.0,
42,4,adaptive,"{""MODEL_NAME"": ""vinai/phobert-large"", ""MAX_LEN"": 256, ""NUM_LABELS"": 3, ""BATCH_SIZE"": 16, ""LR"": 2e-05, ""EPOCHS"": 20, ""PATIENCE"": 3, ""NUM_EXPERTS"": 8, ""SEEDS"": [42], ""CAPACITY_FACTOR"": 1.2, ""ROUTING_LOSS_WEIGHT"": 1.0, ""RESUME_EXPERIMENT"": true, ""expert_expansion"": 2.0, ""threshold"": 0.3, ""adapt_lr"": 0.01, ""expert_dropout"": 0.1}",0.334,0.1669165417291354,95.27133381555952,9969.1240234375,0.0,
42,5,adaptive,"{""MODEL_NAME"": ""vinai/phobert-large"", ""MAX_LEN"": 256, ""NUM_LABELS"": 3, ""BATCH_SIZE"": 16, ""LR"": 2e-05, ""EPOCHS"": 20, ""PATIENCE"": 3, ""NUM_EXPERTS"": 8, ""SEEDS"": [42], ""CAPACITY_FACTOR"": 1.2, ""ROUTING_LOSS_WEIGHT"": 1.0, ""RESUME_EXPERIMENT"": true, ""expert_expansion"": 2.0, ""threshold"": 0.3, ""adapt_lr"": 0.01, ""expert_dropout"": 0.1}",0.334,0.1669165417291354,99.80314118521554,9969.1240234375,0.0,
42,6,adaptive,"{""MODEL_NAME"": ""vinai/phobert-large"", ""MAX_LEN"": 256, ""NUM_LABELS"": 3, ""BATCH_SIZE"": 16, ""LR"": 2e-05, ""EPOCHS"": 20, ""PATIENCE"": 3, ""NUM_EXPERTS"": 8, ""SEEDS"": [42], ""CAPACITY_FACTOR"": 1.2, ""ROUTING_LOSS_WEIGHT"": 1.0, ""RESUME_EXPERIMENT"": true, ""expert_expansion"": 2.0, ""threshold"": 0.3, ""adapt_lr"": 0.01, ""expert_dropout"": 0.1}",0.334,0.1669165417291354,94.4242590949649,9969.1240234375,0.0,
42,1,adaptive,"{""MODEL_NAME"": ""vinai/phobert-large"", ""MAX_LEN"": 256, ""NUM_LABELS"": 3, ""BATCH_SIZE"": 16, ""LR"": 2e-05, ""EPOCHS"": 20, ""PATIENCE"": 3, ""NUM_EXPERTS"": 8, ""SEEDS"": [42], ""CAPACITY_FACTOR"": 1.2, ""ROUTING_LOSS_WEIGHT"": 1.0, ""RESUME_EXPERIMENT"": true, ""expert_expansion"": 2.0, ""threshold"": 0.3, ""adapt_lr"": 0.05, ""expert_dropout"": 0.1}",0.333,0.1665416354088522,96.45834423246838,9511.0751953125,0.0,
42,2,adaptive,"{""MODEL_NAME"": ""vinai/phobert-large"", ""MAX_LEN"": 256, ""NUM_LABELS"": 3, ""BATCH_SIZE"": 16, ""LR"": 2e-05, ""EPOCHS"": 20, ""PATIENCE"": 3, ""NUM_EXPERTS"": 8, ""SEEDS"": [42], ""CAPACITY_FACTOR"": 1.2, ""ROUTING_LOSS_WEIGHT"": 1.0, ""RESUME_EXPERIMENT"": true, ""expert_expansion"": 2.0, ""threshold"": 0.3, ""adapt_lr"": 0.05, ""expert_dropout"": 0.1}",0.334,0.1669165417291354,94.74110981774707,9511.0751953125,0.0,
42,3,adaptive,"{""MODEL_NAME"": ""vinai/phobert-large"", ""MAX_LEN"": 256, ""NUM_LABELS"": 3, ""BATCH_SIZE"": 16, ""LR"": 2e-05, ""EPOCHS"": 20, ""PATIENCE"": 3, ""NUM_EXPERTS"": 8, ""SEEDS"": [42], ""CAPACITY_FACTOR"": 1.2, ""ROUTING_LOSS_WEIGHT"": 1.0, ""RESUME_EXPERIMENT"": true, ""expert_expansion"": 2.0, ""threshold"": 0.3, ""adapt_lr"": 0.05, ""expert_dropout"": 0.1}",0.333,0.1665416354088522,96.69822359841967,9511.0751953125,0.0,
42,4,adaptive,"{""MODEL_NAME"": ""vinai/phobert-large"", ""MAX_LEN"": 256, ""NUM_LABELS"": 3, ""BATCH_SIZE"": 16, ""LR"": 2e-05, ""EPOCHS"": 20, ""PATIENCE"": 3, ""NUM_EXPERTS"": 8, ""SEEDS"": [42], ""CAPACITY_FACTOR"": 1.2, ""ROUTING_LOSS_WEIGHT"": 1.0, ""RESUME_EXPERIMENT"": true, ""expert_expansion"": 2.0, ""threshold"": 0.3, ""adapt_lr"": 0.05, ""expert_dropout"": 0.1}",0.44,0.3509085519490143,98.24955652630518,9511.0751953125,0.0,
42,5,adaptive,"{""MODEL_NAME"": ""vinai/phobert-large"", ""MAX_LEN"": 256, ""NUM_LABELS"": 3, ""BATCH_SIZE"": 16, ""LR"": 2e-05, ""EPOCHS"": 20, ""PATIENCE"": 3, ""NUM_EXPERTS"": 8, ""SEEDS"": [42], ""CAPACITY_FACTOR"": 1.2, ""ROUTING_LOSS_WEIGHT"": 1.0, ""RESUME_EXPERIMENT"": true, ""expert_expansion"": 2.0, ""threshold"": 0.3, ""adapt_lr"": 0.05, ""expert_dropout"": 0.1}",0.445,0.3560422093690671,101.86673724462116,9511.0751953125,0.0,
42,6,adaptive,"{""MODEL_NAME"": ""vinai/phobert-large"", ""MAX_LEN"": 256, ""NUM_LABELS"": 3, ""BATCH_SIZE"": 16, ""LR"": 2e-05, ""EPOCHS"": 20, ""PATIENCE"": 3, ""NUM_EXPERTS"": 8, ""SEEDS"": [42], ""CAPACITY_FACTOR"": 1.2, ""ROUTING_LOSS_WEIGHT"": 1.0, ""RESUME_EXPERIMENT"": true, ""expert_expansion"": 2.0, ""threshold"": 0.3, ""adapt_lr"": 0.05, ""expert_dropout"": 0.1}",0.4,0.3567109852119219,98.19356222001332,9511.0751953125,0.0,
42,7,adaptive,"{""MODEL_NAME"": ""vinai/phobert-large"", ""MAX_LEN"": 256, ""NUM_LABELS"": 3, ""BATCH_SIZE"": 16, ""LR"": 2e-05, ""EPOCHS"": 20, ""PATIENCE"": 3, ""NUM_EXPERTS"": 8, ""SEEDS"": [42], ""CAPACITY_FACTOR"": 1.2, ""ROUTING_LOSS_WEIGHT"": 1.0, ""RESUME_EXPERIMENT"": true, ""expert_expansion"": 2.0, ""threshold"": 0.3, ""adapt_lr"": 0.05, ""expert_dropout"": 0.1}",0.333,0.1665416354088522,94.4658915201823,9511.0751953125,0.0,
42,8,adaptive,"{""MODEL_NAME"": ""vinai/phobert-large"", ""MAX_LEN"": 256, ""NUM_LABELS"": 3, ""BATCH_SIZE"": 16, ""LR"": 2e-05, ""EPOCHS"": 20, ""PATIENCE"": 3, ""NUM_EXPERTS"": 8, ""SEEDS"": [42], ""CAPACITY_FACTOR"": 1.2, ""ROUTING_LOSS_WEIGHT"": 1.0, ""RESUME_EXPERIMENT"": true, ""expert_expansion"": 2.0, ""threshold"": 0.3, ""adapt_lr"": 0.05, ""expert_dropout"": 0.1}",0.333,0.1665416354088522,94.76056931510804,9511.0751953125,0.0,
42,9,adaptive,"{""MODEL_NAME"": ""vinai/phobert-large"", ""MAX_LEN"": 256, ""NUM_LABELS"": 3, ""BATCH_SIZE"": 16, ""LR"": 2e-05, ""EPOCHS"": 20, ""PATIENCE"": 3, ""NUM_EXPERTS"": 8, ""SEEDS"": [42], ""CAPACITY_FACTOR"": 1.2, ""ROUTING_LOSS_WEIGHT"": 1.0, ""RESUME_EXPERIMENT"": true, ""expert_expansion"": 2.0, ""threshold"": 0.3, ""adapt_lr"": 0.05, ""expert_dropout"": 0.1}",0.333,0.1665416354088522,94.6044089302184,9511.0751953125,0.0,
42,1,adaptive,"{""MODEL_NAME"": ""vinai/phobert-large"", ""MAX_LEN"": 256, ""NUM_LABELS"": 3, ""BATCH_SIZE"": 16, ""LR"": 2e-05, ""EPOCHS"": 20, ""PATIENCE"": 3, ""NUM_EXPERTS"": 8, ""SEEDS"": [42], ""CAPACITY_FACTOR"": 1.2, ""ROUTING_LOSS_WEIGHT"": 1.0, ""RESUME_EXPERIMENT"": true, ""expert_expansion"": 2.0, ""threshold"": 0.5, ""adapt_lr"": 0.01, ""expert_dropout"": 0.1}",0.333,0.1665416354088522,94.21426530868288,9371.59423828125,0.0,
42,2,adaptive,"{""MODEL_NAME"": ""vinai/phobert-large"", ""MAX_LEN"": 256, ""NUM_LABELS"": 3, ""BATCH_SIZE"": 16, ""LR"": 2e-05, ""EPOCHS"": 20, ""PATIENCE"": 3, ""NUM_EXPERTS"": 8, ""SEEDS"": [42], ""CAPACITY_FACTOR"": 1.2, ""ROUTING_LOSS_WEIGHT"": 1.0, ""RESUME_EXPERIMENT"": true, ""expert_expansion"": 2.0, ""threshold"": 0.5, ""adapt_lr"": 0.01, ""expert_dropout"": 0.1}",0.333,0.1665416354088522,94.28136689322336,9373.42724609375,0.0,
42,3,adaptive,"{""MODEL_NAME"": ""vinai/phobert-large"", ""MAX_LEN"": 256, ""NUM_LABELS"": 3, ""BATCH_SIZE"": 16, ""LR"": 2e-05, ""EPOCHS"": 20, ""PATIENCE"": 3, ""NUM_EXPERTS"": 8, ""SEEDS"": [42], ""CAPACITY_FACTOR"": 1.2, ""ROUTING_LOSS_WEIGHT"": 1.0, ""RESUME_EXPERIMENT"": true, ""expert_expansion"": 2.0, ""threshold"": 0.5, ""adapt_lr"": 0.01, ""expert_dropout"": 0.1}",0.334,0.1669165417291354,94.23321769351053,9471.18212890625,0.0,
42,4,adaptive,"{""MODEL_NAME"": ""vinai/phobert-large"", ""MAX_LEN"": 256, ""NUM_LABELS"": 3, ""BATCH_SIZE"": 16, ""LR"": 2e-05, ""EPOCHS"": 20, ""PATIENCE"": 3, ""NUM_EXPERTS"": 8, ""SEEDS"": [42], ""CAPACITY_FACTOR"": 1.2, ""ROUTING_LOSS_WEIGHT"": 1.0, ""RESUME_EXPERIMENT"": true, ""expert_expansion"": 2.0, ""threshold"": 0.5, ""adapt_lr"": 0.01, ""expert_dropout"": 0.1}",0.334,0.1669165417291354,94.36023802984327,9471.18212890625,0.0,
42,5,adaptive,"{""MODEL_NAME"": ""vinai/phobert-large"", ""MAX_LEN"": 256, ""NUM_LABELS"": 3, ""BATCH_SIZE"": 16, ""LR"": 2e-05, ""EPOCHS"": 20, ""PATIENCE"": 3, ""NUM_EXPERTS"": 8, ""SEEDS"": [42], ""CAPACITY_FACTOR"": 1.2, ""ROUTING_LOSS_WEIGHT"": 1.0, ""RESUME_EXPERIMENT"": true, ""expert_expansion"": 2.0, ""threshold"": 0.5, ""adapt_lr"": 0.01, ""expert_dropout"": 0.1}",0.334,0.1669165417291354,94.40889812651136,9471.18212890625,0.0,
42,6,adaptive,"{""MODEL_NAME"": ""vinai/phobert-large"", ""MAX_LEN"": 256, ""NUM_LABELS"": 3, ""BATCH_SIZE"": 16, ""LR"": 2e-05, ""EPOCHS"": 20, ""PATIENCE"": 3, ""NUM_EXPERTS"": 8, ""SEEDS"": [42], ""CAPACITY_FACTOR"": 1.2, ""ROUTING_LOSS_WEIGHT"": 1.0, ""RESUME_EXPERIMENT"": true, ""expert_expansion"": 2.0, ""threshold"": 0.5, ""adapt_lr"": 0.01, ""expert_dropout"": 0.1}",0.334,0.1669165417291354,94.36440846276662,9471.18212890625,0.0,
42,1,adaptive,"{""MODEL_NAME"": ""vinai/phobert-large"", ""MAX_LEN"": 256, ""NUM_LABELS"": 3, ""BATCH_SIZE"": 16, ""LR"": 2e-05, ""EPOCHS"": 20, ""PATIENCE"": 3, ""NUM_EXPERTS"": 8, ""SEEDS"": [42], ""CAPACITY_FACTOR"": 1.2, ""ROUTING_LOSS_WEIGHT"": 1.0, ""RESUME_EXPERIMENT"": true, ""expert_expansion"": 2.0, ""threshold"": 0.5, ""adapt_lr"": 0.05, ""expert_dropout"": 0.1}",0.333,0.1665416354088522,96.35777322072832,9255.392578125,0.0,
42,2,adaptive,"{""MODEL_NAME"": ""vinai/phobert-large"", ""MAX_LEN"": 256, ""NUM_LABELS"": 3, ""BATCH_SIZE"": 16, ""LR"": 2e-05, ""EPOCHS"": 20, ""PATIENCE"": 3, ""NUM_EXPERTS"": 8, ""SEEDS"": [42], ""CAPACITY_FACTOR"": 1.2, ""ROUTING_LOSS_WEIGHT"": 1.0, ""RESUME_EXPERIMENT"": true, ""expert_expansion"": 2.0, ""threshold"": 0.5, ""adapt_lr"": 0.05, ""expert_dropout"": 0.1}",0.334,0.1669165417291354,100.17674309866769,9255.392578125,0.0,
42,3,adaptive,"{""MODEL_NAME"": ""vinai/phobert-large"", ""MAX_LEN"": 256, ""NUM_LABELS"": 3, ""BATCH_SIZE"": 16, ""LR"": 2e-05, ""EPOCHS"": 20, ""PATIENCE"": 3, ""NUM_EXPERTS"": 8, ""SEEDS"": [42], ""CAPACITY_FACTOR"": 1.2, ""ROUTING_LOSS_WEIGHT"": 1.0, ""RESUME_EXPERIMENT"": true, ""expert_expansion"": 2.0, ""threshold"": 0.5, ""adapt_lr"": 0.05, ""expert_dropout"": 0.1}",0.356,0.3211263881869035,98.35110770331488,9255.392578125,0.0,
42,4,adaptive,"{""MODEL_NAME"": ""vinai/phobert-large"", ""MAX_LEN"": 256, ""NUM_LABELS"": 3, ""BATCH_SIZE"": 16, ""LR"": 2e-05, ""EPOCHS"": 20, ""PATIENCE"": 3, ""NUM_EXPERTS"": 8, ""SEEDS"": [42], ""CAPACITY_FACTOR"": 1.2, ""ROUTING_LOSS_WEIGHT"": 1.0, ""RESUME_EXPERIMENT"": true, ""expert_expansion"": 2.0, ""threshold"": 0.5, ""adapt_lr"": 0.05, ""expert_dropout"": 0.1}",0.333,0.1665416354088522,94.54613640194847,9255.392578125,0.0,
42,5,adaptive,"{""MODEL_NAME"": ""vinai/phobert-large"", ""MAX_LEN"": 256, ""NUM_LABELS"": 3, ""BATCH_SIZE"": 16, ""LR"": 2e-05, ""EPOCHS"": 20, ""PATIENCE"": 3, ""NUM_EXPERTS"": 8, ""SEEDS"": [42], ""CAPACITY_FACTOR"": 1.2, ""ROUTING_LOSS_WEIGHT"": 1.0, ""RESUME_EXPERIMENT"": true, ""expert_expansion"": 2.0, ""threshold"": 0.5, ""adapt_lr"": 0.05, ""expert_dropout"": 0.1}",0.333,0.1665416354088522,94.71695006839812,9255.392578125,0.0,
42,6,adaptive,"{""MODEL_NAME"": ""vinai/phobert-large"", ""MAX_LEN"": 256, ""NUM_LABELS"": 3, ""BATCH_SIZE"": 16, ""LR"": 2e-05, ""EPOCHS"": 20, ""PATIENCE"": 3, ""NUM_EXPERTS"": 8, ""SEEDS"": [42], ""CAPACITY_FACTOR"": 1.2, ""ROUTING_LOSS_WEIGHT"": 1.0, ""RESUME_EXPERIMENT"": true, ""expert_expansion"": 2.0, ""threshold"": 0.5, ""adapt_lr"": 0.05, ""expert_dropout"": 0.1}",0.366,0.253512099508865,100.12810570853097,9255.392578125,0.0,
42,1,adaptive,"{""MODEL_NAME"": ""vinai/phobert-large"", ""MAX_LEN"": 256, ""NUM_LABELS"": 3, ""BATCH_SIZE"": 16, ""LR"": 2e-05, ""EPOCHS"": 20, ""PATIENCE"": 3, ""NUM_EXPERTS"": 8, ""SEEDS"": [42], ""CAPACITY_FACTOR"": 1.2, ""ROUTING_LOSS_WEIGHT"": 1.0, ""RESUME_EXPERIMENT"": true, ""expert_expansion"": 2.0, ""threshold"": 0.7, ""adapt_lr"": 0.01, ""expert_dropout"": 0.1}",0.334,0.1669165417291354,94.32017235528856,9083.9306640625,0.0,
42,2,adaptive,"{""MODEL_NAME"": ""vinai/phobert-large"", ""MAX_LEN"": 256, ""NUM_LABELS"": 3, ""BATCH_SIZE"": 16, ""LR"": 2e-05, ""EPOCHS"": 20, ""PATIENCE"": 3, ""NUM_EXPERTS"": 8, ""SEEDS"": [42], ""CAPACITY_FACTOR"": 1.2, ""ROUTING_LOSS_WEIGHT"": 1.0, ""RESUME_EXPERIMENT"": true, ""expert_expansion"": 2.0, ""threshold"": 0.7, ""adapt_lr"": 0.01, ""expert_dropout"": 0.1}",0.334,0.1669165417291354,94.7462793380495,9083.9306640625,0.0,
42,3,adaptive,"{""MODEL_NAME"": ""vinai/phobert-large"", ""MAX_LEN"": 256, ""NUM_LABELS"": 3, ""BATCH_SIZE"": 16, ""LR"": 2e-05, ""EPOCHS"": 20, ""PATIENCE"": 3, ""NUM_EXPERTS"": 8, ""SEEDS"": [42], ""CAPACITY_FACTOR"": 1.2, ""ROUTING_LOSS_WEIGHT"": 1.0, ""RESUME_EXPERIMENT"": true, ""expert_expansion"": 2.0, ""threshold"": 0.7, ""adapt_lr"": 0.01, ""expert_dropout"": 0.1}",0.333,0.1665416354088522,94.7005483839247,9083.9306640625,0.0,
42,4,adaptive,"{""MODEL_NAME"": ""vinai/phobert-large"", ""MAX_LEN"": 256, ""NUM_LABELS"": 3, ""BATCH_SIZE"": 16, ""LR"": 2e-05, ""EPOCHS"": 20, ""PATIENCE"": 3, ""NUM_EXPERTS"": 8, ""SEEDS"": [42], ""CAPACITY_FACTOR"": 1.2, ""ROUTING_LOSS_WEIGHT"": 1.0, ""RESUME_EXPERIMENT"": true, ""expert_expansion"": 2.0, ""threshold"": 0.7, ""adapt_lr"": 0.01, ""expert_dropout"": 0.1}",0.333,0.1665416354088522,94.44583786858452,9083.9306640625,0.0,
42,1,adaptive,"{""MODEL_NAME"": ""vinai/phobert-large"", ""MAX_LEN"": 256, ""NUM_LABELS"": 3, ""BATCH_SIZE"": 16, ""LR"": 2e-05, ""EPOCHS"": 20, ""PATIENCE"": 3, ""NUM_EXPERTS"": 8, ""SEEDS"": [42], ""CAPACITY_FACTOR"": 1.2, ""ROUTING_LOSS_WEIGHT"": 1.0, ""RESUME_EXPERIMENT"": true, ""expert_expansion"": 2.0, ""threshold"": 0.7, ""adapt_lr"": 0.05, ""expert_dropout"": 0.1}",0.333,0.1665416354088522,96.52095749264672,9170.9716796875,0.0,
42,2,adaptive,"{""MODEL_NAME"": ""vinai/phobert-large"", ""MAX_LEN"": 256, ""NUM_LABELS"": 3, ""BATCH_SIZE"": 16, ""LR"": 2e-05, ""EPOCHS"": 20, ""PATIENCE"": 3, ""NUM_EXPERTS"": 8, ""SEEDS"": [42], ""CAPACITY_FACTOR"": 1.2, ""ROUTING_LOSS_WEIGHT"": 1.0, ""RESUME_EXPERIMENT"": true, ""expert_expansion"": 2.0, ""threshold"": 0.7, ""adapt_lr"": 0.05, ""expert_dropout"": 0.1}",0.333,0.1665416354088522,100.16313431754944,9238.99365234375,0.0,
42,3,adaptive,"{""MODEL_NAME"": ""vinai/phobert-large"", ""MAX_LEN"": 256, ""NUM_LABELS"": 3, ""BATCH_SIZE"": 16, ""LR"": 2e-05, ""EPOCHS"": 20, ""PATIENCE"": 3, ""NUM_EXPERTS"": 8, ""SEEDS"": [42], ""CAPACITY_FACTOR"": 1.2, ""ROUTING_LOSS_WEIGHT"": 1.0, ""RESUME_EXPERIMENT"": true, ""expert_expansion"": 2.0, ""threshold"": 0.7, ""adapt_lr"": 0.05, ""expert_dropout"": 0.1}",0.334,0.1669165417291354,96.48057771107509,9238.99365234375,0.0,
42,4,adaptive,"{""MODEL_NAME"": ""vinai/phobert-large"", ""MAX_LEN"": 256, ""NUM_LABELS"": 3, ""BATCH_SIZE"": 16, ""LR"": 2e-05, ""EPOCHS"": 20, ""PATIENCE"": 3, ""NUM_EXPERTS"": 8, ""SEEDS"": [42], ""CAPACITY_FACTOR"": 1.2, ""ROUTING_LOSS_WEIGHT"": 1.0, ""RESUME_EXPERIMENT"": true, ""expert_expansion"": 2.0, ""threshold"": 0.7, ""adapt_lr"": 0.05, ""expert_dropout"": 0.1}",0.333,0.1665416354088522,94.76445970081149,9238.99365234375,0.0,
42,5,adaptive,"{""MODEL_NAME"": ""vinai/phobert-large"", ""MAX_LEN"": 256, ""NUM_LABELS"": 3, ""BATCH_SIZE"": 16, ""LR"": 2e-05, ""EPOCHS"": 20, ""PATIENCE"": 3, ""NUM_EXPERTS"": 8, ""SEEDS"": [42], ""CAPACITY_FACTOR"": 1.2, ""ROUTING_LOSS_WEIGHT"": 1.0, ""RESUME_EXPERIMENT"": true, ""expert_expansion"": 2.0, ""threshold"": 0.7, ""adapt_lr"": 0.05, ""expert_dropout"": 0.1}",0.387,0.2796539165227502,98.13614497109064,9238.99365234375,0.0,
42,6,adaptive,"{""MODEL_NAME"": ""vinai/phobert-large"", ""MAX_LEN"": 256, ""NUM_LABELS"": 3, ""BATCH_SIZE"": 16, ""LR"": 2e-05, ""EPOCHS"": 20, ""PATIENCE"": 3, ""NUM_EXPERTS"": 8, ""SEEDS"": [42], ""CAPACITY_FACTOR"": 1.2, ""ROUTING_LOSS_WEIGHT"": 1.0, ""RESUME_EXPERIMENT"": true, ""expert_expansion"": 2.0, ""threshold"": 0.7, ""adapt_lr"": 0.05, ""expert_dropout"": 0.1}",0.425,0.3364394656472181,96.55685273427812,9288.76025390625,0.0,
42,7,adaptive,"{""MODEL_NAME"": ""vinai/phobert-large"", ""MAX_LEN"": 256, ""NUM_LABELS"": 3, ""BATCH_SIZE"": 16, ""LR"": 2e-05, ""EPOCHS"": 20, ""PATIENCE"": 3, ""NUM_EXPERTS"": 8, ""SEEDS"": [42], ""CAPACITY_FACTOR"": 1.2, ""ROUTING_LOSS_WEIGHT"": 1.0, ""RESUME_EXPERIMENT"": true, ""expert_expansion"": 2.0, ""threshold"": 0.7, ""adapt_lr"": 0.05, ""expert_dropout"": 0.1}",0.333,0.1665416354088522,94.60597189645918,9288.76025390625,0.0,
42,8,adaptive,"{""MODEL_NAME"": ""vinai/phobert-large"", ""MAX_LEN"": 256, ""NUM_LABELS"": 3, ""BATCH_SIZE"": 16, ""LR"": 2e-05, ""EPOCHS"": 20, ""PATIENCE"": 3, ""NUM_EXPERTS"": 8, ""SEEDS"": [42], ""CAPACITY_FACTOR"": 1.2, ""ROUTING_LOSS_WEIGHT"": 1.0, ""RESUME_EXPERIMENT"": true, ""expert_expansion"": 2.0, ""threshold"": 0.7, ""adapt_lr"": 0.05, ""expert_dropout"": 0.1}",0.386,0.2830602475696421,101.72402669513036,9307.01513671875,0.0,
42,9,adaptive,"{""MODEL_NAME"": ""vinai/phobert-large"", ""MAX_LEN"": 256, ""NUM_LABELS"": 3, ""BATCH_SIZE"": 16, ""LR"": 2e-05, ""EPOCHS"": 20, ""PATIENCE"": 3, ""NUM_EXPERTS"": 8, ""SEEDS"": [42], ""CAPACITY_FACTOR"": 1.2, ""ROUTING_LOSS_WEIGHT"": 1.0, ""RESUME_EXPERIMENT"": true, ""expert_expansion"": 2.0, ""threshold"": 0.7, ""adapt_lr"": 0.05, ""expert_dropout"": 0.1}",0.345,0.2043760028339828,96.483760409885,9307.01513671875,0.0,
42,1,adaptive,"{""MODEL_NAME"": ""vinai/phobert-large"", ""MAX_LEN"": 256, ""NUM_LABELS"": 3, ""BATCH_SIZE"": 16, ""LR"": 2e-05, ""EPOCHS"": 20, ""PATIENCE"": 3, ""NUM_EXPERTS"": 8, ""SEEDS"": [42], ""CAPACITY_FACTOR"": 1.2, ""ROUTING_LOSS_WEIGHT"": 1.0, ""RESUME_EXPERIMENT"": true, ""expert_expansion"": 4.0, ""threshold"": 0.3, ""adapt_lr"": 0.01, ""expert_dropout"": 0.1}",0.333,0.1665416354088522,100.19847703358484,10348.96630859375,0.0,
42,2,adaptive,"{""MODEL_NAME"": ""vinai/phobert-large"", ""MAX_LEN"": 256, ""NUM_LABELS"": 3, ""BATCH_SIZE"": 16, ""LR"": 2e-05, ""EPOCHS"": 20, ""PATIENCE"": 3, ""NUM_EXPERTS"": 8, ""SEEDS"": [42], ""CAPACITY_FACTOR"": 1.2, ""ROUTING_LOSS_WEIGHT"": 1.0, ""RESUME_EXPERIMENT"": true, ""expert_expansion"": 4.0, ""threshold"": 0.3, ""adapt_lr"": 0.01, ""expert_dropout"": 0.1}",0.333,0.1665416354088522,97.57682633778406,10348.96630859375,0.0,
42,3,adaptive,"{""MODEL_NAME"": ""vinai/phobert-large"", ""MAX_LEN"": 256, ""NUM_LABELS"": 3, ""BATCH_SIZE"": 16, ""LR"": 2e-05, ""EPOCHS"": 20, ""PATIENCE"": 3, ""NUM_EXPERTS"": 8, ""SEEDS"": [42], ""CAPACITY_FACTOR"": 1.2, ""ROUTING_LOSS_WEIGHT"": 1.0, ""RESUME_EXPERIMENT"": true, ""expert_expansion"": 4.0, ""threshold"": 0.3, ""adapt_lr"": 0.01, ""expert_dropout"": 0.1}",0.333,0.1665416354088522,95.4431692759196,10348.96630859375,0.0,
42,4,adaptive,"{""MODEL_NAME"": ""vinai/phobert-large"", ""MAX_LEN"": 256, ""NUM_LABELS"": 3, ""BATCH_SIZE"": 16, ""LR"": 2e-05, ""EPOCHS"": 20, ""PATIENCE"": 3, ""NUM_EXPERTS"": 8, ""SEEDS"": [42], ""CAPACITY_FACTOR"": 1.2, ""ROUTING_LOSS_WEIGHT"": 1.0, ""RESUME_EXPERIMENT"": true, ""expert_expansion"": 4.0, ""threshold"": 0.3, ""adapt_lr"": 0.01, ""expert_dropout"": 0.1}",0.333,0.1665416354088522,94.45338779025607,10348.96630859375,0.0,
42,1,adaptive,"{""MODEL_NAME"": ""vinai/phobert-large"", ""MAX_LEN"": 256, ""NUM_LABELS"": 3, ""BATCH_SIZE"": 16, ""LR"": 2e-05, ""EPOCHS"": 20, ""PATIENCE"": 3, ""NUM_EXPERTS"": 8, ""SEEDS"": [42], ""CAPACITY_FACTOR"": 1.2, ""ROUTING_LOSS_WEIGHT"": 1.0, ""RESUME_EXPERIMENT"": true, ""expert_expansion"": 4.0, ""threshold"": 0.3, ""adapt_lr"": 0.05, ""expert_dropout"": 0.1}",0.333,0.1665416354088522,100.59207961672828,10091.142578125,0.0,
42,2,adaptive,"{""MODEL_NAME"": ""vinai/phobert-large"", ""MAX_LEN"": 256, ""NUM_LABELS"": 3, ""BATCH_SIZE"": 16, ""LR"": 2e-05, ""EPOCHS"": 20, ""PATIENCE"": 3, ""NUM_EXPERTS"": 8, ""SEEDS"": [42], ""CAPACITY_FACTOR"": 1.2, ""ROUTING_LOSS_WEIGHT"": 1.0, ""RESUME_EXPERIMENT"": true, ""expert_expansion"": 4.0, ""threshold"": 0.3, ""adapt_lr"": 0.05, ""expert_dropout"": 0.1}",0.439,0.4237316255097439,99.14382298787434,10091.142578125,0.0,
42,3,adaptive,"{""MODEL_NAME"": ""vinai/phobert-large"", ""MAX_LEN"": 256, ""NUM_LABELS"": 3, ""BATCH_SIZE"": 16, ""LR"": 2e-05, ""EPOCHS"": 20, ""PATIENCE"": 3, ""NUM_EXPERTS"": 8, ""SEEDS"": [42], ""CAPACITY_FACTOR"": 1.2, ""ROUTING_LOSS_WEIGHT"": 1.0, ""RESUME_EXPERIMENT"": true, ""expert_expansion"": 4.0, ""threshold"": 0.3, ""adapt_lr"": 0.05, ""expert_dropout"": 0.1}",0.431,0.3417318255985879,100.5844653598846,10091.142578125,0.0,
42,4,adaptive,"{""MODEL_NAME"": ""vinai/phobert-large"", ""MAX_LEN"": 256, ""NUM_LABELS"": 3, ""BATCH_SIZE"": 16, ""LR"": 2e-05, ""EPOCHS"": 20, ""PATIENCE"": 3, ""NUM_EXPERTS"": 8, ""SEEDS"": [42], ""CAPACITY_FACTOR"": 1.2, ""ROUTING_LOSS_WEIGHT"": 1.0, ""RESUME_EXPERIMENT"": true, ""expert_expansion"": 4.0, ""threshold"": 0.3, ""adapt_lr"": 0.05, ""expert_dropout"": 0.1}",0.425,0.3362673291357919,100.44329128568134,10091.142578125,0.0,
42,5,adaptive,"{""MODEL_NAME"": ""vinai/phobert-large"", ""MAX_LEN"": 256, ""NUM_LABELS"": 3, ""BATCH_SIZE"": 16, ""LR"": 2e-05, ""EPOCHS"": 20, ""PATIENCE"": 3, ""NUM_EXPERTS"": 8, ""SEEDS"": [42], ""CAPACITY_FACTOR"": 1.2, ""ROUTING_LOSS_WEIGHT"": 1.0, ""RESUME_EXPERIMENT"": true, ""expert_expansion"": 4.0, ""threshold"": 0.3, ""adapt_lr"": 0.05, ""expert_dropout"": 0.1}",0.333,0.1665416354088522,94.67781157720655,10091.142578125,0.0,
42,1,adaptive,"{""MODEL_NAME"": ""vinai/phobert-large"", ""MAX_LEN"": 256, ""NUM_LABELS"": 3, ""BATCH_SIZE"": 16, ""LR"": 2e-05, ""EPOCHS"": 20, ""PATIENCE"": 3, ""NUM_EXPERTS"": 8, ""SEEDS"": [42], ""CAPACITY_FACTOR"": 1.2, ""ROUTING_LOSS_WEIGHT"": 1.0, ""RESUME_EXPERIMENT"": true, ""expert_expansion"": 4.0, ""threshold"": 0.5, ""adapt_lr"": 0.01, ""expert_dropout"": 0.1}",0.334,0.1669165417291354,94.69727485898942,9986.7470703125,0.0,
42,2,adaptive,"{""MODEL_NAME"": ""vinai/phobert-large"", ""MAX_LEN"": 256, ""NUM_LABELS"": 3, ""BATCH_SIZE"": 16, ""LR"": 2e-05, ""EPOCHS"": 20, ""PATIENCE"": 3, ""NUM_EXPERTS"": 8, ""SEEDS"": [42], ""CAPACITY_FACTOR"": 1.2, ""ROUTING_LOSS_WEIGHT"": 1.0, ""RESUME_EXPERIMENT"": true, ""expert_expansion"": 4.0, ""threshold"": 0.5, ""adapt_lr"": 0.01, ""expert_dropout"": 0.1}",0.334,0.1669165417291354,94.62897361270966,10127.912109375,0.0,
42,3,adaptive,"{""MODEL_NAME"": ""vinai/phobert-large"", ""MAX_LEN"": 256, ""NUM_LABELS"": 3, ""BATCH_SIZE"": 16, ""LR"": 2e-05, ""EPOCHS"": 20, ""PATIENCE"": 3, ""NUM_EXPERTS"": 8, ""SEEDS"": [42], ""CAPACITY_FACTOR"": 1.2, ""ROUTING_LOSS_WEIGHT"": 1.0, ""RESUME_EXPERIMENT"": true, ""expert_expansion"": 4.0, ""threshold"": 0.5, ""adapt_lr"": 0.01, ""expert_dropout"": 0.1}",0.334,0.1669165417291354,94.6033417232453,10128.482421875,0.0,
42,4,adaptive,"{""MODEL_NAME"": ""vinai/phobert-large"", ""MAX_LEN"": 256, ""NUM_LABELS"": 3, ""BATCH_SIZE"": 16, ""LR"": 2e-05, ""EPOCHS"": 20, ""PATIENCE"": 3, ""NUM_EXPERTS"": 8, ""SEEDS"": [42], ""CAPACITY_FACTOR"": 1.2, ""ROUTING_LOSS_WEIGHT"": 1.0, ""RESUME_EXPERIMENT"": true, ""expert_expansion"": 4.0, ""threshold"": 0.5, ""adapt_lr"": 0.01, ""expert_dropout"": 0.1}",0.334,0.1669165417291354,94.71515246800014,10244.498046875,0.0,
42,1,adaptive,"{""MODEL_NAME"": ""vinai/phobert-large"", ""MAX_LEN"": 256, ""NUM_LABELS"": 3, ""BATCH_SIZE"": 16, ""LR"": 2e-05, ""EPOCHS"": 20, ""PATIENCE"": 3, ""NUM_EXPERTS"": 8, ""SEEDS"": [42], ""CAPACITY_FACTOR"": 1.2, ""ROUTING_LOSS_WEIGHT"": 1.0, ""RESUME_EXPERIMENT"": true, ""expert_expansion"": 4.0, ""threshold"": 0.5, ""adapt_lr"": 0.05, ""expert_dropout"": 0.1}",0.333,0.1665416354088522,97.46625688340929,9896.45068359375,0.0,
42,2,adaptive,"{""MODEL_NAME"": ""vinai/phobert-large"", ""MAX_LEN"": 256, ""NUM_LABELS"": 3, ""BATCH_SIZE"": 16, ""LR"": 2e-05, ""EPOCHS"": 20, ""PATIENCE"": 3, ""NUM_EXPERTS"": 8, ""SEEDS"": [42], ""CAPACITY_FACTOR"": 1.2, ""ROUTING_LOSS_WEIGHT"": 1.0, ""RESUME_EXPERIMENT"": true, ""expert_expansion"": 4.0, ""threshold"": 0.5, ""adapt_lr"": 0.05, ""expert_dropout"": 0.1}",0.411,0.3229324169530355,100.4050572713216,9896.451171875,0.0,
42,3,adaptive,"{""MODEL_NAME"": ""vinai/phobert-large"", ""MAX_LEN"": 256, ""NUM_LABELS"": 3, ""BATCH_SIZE"": 16, ""LR"": 2e-05, ""EPOCHS"": 20, ""PATIENCE"": 3, ""NUM_EXPERTS"": 8, ""SEEDS"": [42], ""CAPACITY_FACTOR"": 1.2, ""ROUTING_LOSS_WEIGHT"": 1.0, ""RESUME_EXPERIMENT"": true, ""expert_expansion"": 4.0, ""threshold"": 0.5, ""adapt_lr"": 0.05, ""expert_dropout"": 0.1}",0.365,0.2820863233104083,100.30527341933478,9896.451171875,0.0,
42,4,adaptive,"{""MODEL_NAME"": ""vinai/phobert-large"", ""MAX_LEN"": 256, ""NUM_LABELS"": 3, ""BATCH_SIZE"": 16, ""LR"": 2e-05, ""EPOCHS"": 20, ""PATIENCE"": 3, ""NUM_EXPERTS"": 8, ""SEEDS"": [42], ""CAPACITY_FACTOR"": 1.2, ""ROUTING_LOSS_WEIGHT"": 1.0, ""RESUME_EXPERIMENT"": true, ""expert_expansion"": 4.0, ""threshold"": 0.5, ""adapt_lr"": 0.05, ""expert_dropout"": 0.1}",0.395,0.2980462724935732,103.16215621100532,9896.451171875,0.0,
42,5,adaptive,"{""MODEL_NAME"": ""vinai/phobert-large"", ""MAX_LEN"": 256, ""NUM_LABELS"": 3, ""BATCH_SIZE"": 16, ""LR"": 2e-05, ""EPOCHS"": 20, ""PATIENCE"": 3, ""NUM_EXPERTS"": 8, ""SEEDS"": [42], ""CAPACITY_FACTOR"": 1.2, ""ROUTING_LOSS_WEIGHT"": 1.0, ""RESUME_EXPERIMENT"": true, ""expert_expansion"": 4.0, ""threshold"": 0.5, ""adapt_lr"": 0.05, ""expert_dropout"": 0.1}",0.409,0.3153536215866839,97.3499994429331,9896.451171875,0.0,
42,1,adaptive,"{""MODEL_NAME"": ""vinai/phobert-large"", ""MAX_LEN"": 256, ""NUM_LABELS"": 3, ""BATCH_SIZE"": 16, ""LR"": 2e-05, ""EPOCHS"": 20, ""PATIENCE"": 3, ""NUM_EXPERTS"": 8, ""SEEDS"": [42], ""CAPACITY_FACTOR"": 1.2, ""ROUTING_LOSS_WEIGHT"": 1.0, ""RESUME_EXPERIMENT"": true, ""expert_expansion"": 4.0, ""threshold"": 0.7, ""adapt_lr"": 0.01, ""expert_dropout"": 0.1}",0.333,0.1665416354088522,94.7675212981209,9628.1923828125,0.0,
42,2,adaptive,"{""MODEL_NAME"": ""vinai/phobert-large"", ""MAX_LEN"": 256, ""NUM_LABELS"": 3, ""BATCH_SIZE"": 16, ""LR"": 2e-05, ""EPOCHS"": 20, ""PATIENCE"": 3, ""NUM_EXPERTS"": 8, ""SEEDS"": [42], ""CAPACITY_FACTOR"": 1.2, ""ROUTING_LOSS_WEIGHT"": 1.0, ""RESUME_EXPERIMENT"": true, ""expert_expansion"": 4.0, ""threshold"": 0.7, ""adapt_lr"": 0.01, ""expert_dropout"": 0.1}",0.333,0.1665416354088522,94.69275625925216,9628.1923828125,0.0,
42,3,adaptive,"{""MODEL_NAME"": ""vinai/phobert-large"", ""MAX_LEN"": 256, ""NUM_LABELS"": 3, ""BATCH_SIZE"": 16, ""LR"": 2e-05, ""EPOCHS"": 20, ""PATIENCE"": 3, ""NUM_EXPERTS"": 8, ""SEEDS"": [42], ""CAPACITY_FACTOR"": 1.2, ""ROUTING_LOSS_WEIGHT"": 1.0, ""RESUME_EXPERIMENT"": true, ""expert_expansion"": 4.0, ""threshold"": 0.7, ""adapt_lr"": 0.01, ""expert_dropout"": 0.1}",0.333,0.1665416354088522,94.67074227711512,9628.1923828125,0.0,
42,4,adaptive,"{""MODEL_NAME"": ""vinai/phobert-large"", ""MAX_LEN"": 256, ""NUM_LABELS"": 3, ""BATCH_SIZE"": 16, ""LR"": 2e-05, ""EPOCHS"": 20, ""PATIENCE"": 3, ""NUM_EXPERTS"": 8, ""SEEDS"": [42], ""CAPACITY_FACTOR"": 1.2, ""ROUTING_LOSS_WEIGHT"": 1.0, ""RESUME_EXPERIMENT"": true, ""expert_expansion"": 4.0, ""threshold"": 0.7, ""adapt_lr"": 0.01, ""expert_dropout"": 0.1}",0.333,0.1665416354088522,94.6809829227508,9628.1923828125,0.0,
42,1,adaptive,"{""MODEL_NAME"": ""vinai/phobert-large"", ""MAX_LEN"": 256, ""NUM_LABELS"": 3, ""BATCH_SIZE"": 16, ""LR"": 2e-05, ""EPOCHS"": 20, ""PATIENCE"": 3, ""NUM_EXPERTS"": 8, ""SEEDS"": [42], ""CAPACITY_FACTOR"": 1.2, ""ROUTING_LOSS_WEIGHT"": 1.0, ""RESUME_EXPERIMENT"": true, ""expert_expansion"": 4.0, ""threshold"": 0.7, ""adapt_lr"": 0.05, ""expert_dropout"": 0.1}",0.333,0.1665416354088522,103.36297655862477,9896.45458984375,0.0,
42,2,adaptive,"{""MODEL_NAME"": ""vinai/phobert-large"", ""MAX_LEN"": 256, ""NUM_LABELS"": 3, ""BATCH_SIZE"": 16, ""LR"": 2e-05, ""EPOCHS"": 20, ""PATIENCE"": 3, ""NUM_EXPERTS"": 8, ""SEEDS"": [42], ""CAPACITY_FACTOR"": 1.2, ""ROUTING_LOSS_WEIGHT"": 1.0, ""RESUME_EXPERIMENT"": true, ""expert_expansion"": 4.0, ""threshold"": 0.7, ""adapt_lr"": 0.05, ""expert_dropout"": 0.1}",0.333,0.1665416354088522,94.86764953249975,9896.455078125,0.0,
42,3,adaptive,"{""MODEL_NAME"": ""vinai/phobert-large"", ""MAX_LEN"": 256, ""NUM_LABELS"": 3, ""BATCH_SIZE"": 16, ""LR"": 2e-05, ""EPOCHS"": 20, ""PATIENCE"": 3, ""NUM_EXPERTS"": 8, ""SEEDS"": [42], ""CAPACITY_FACTOR"": 1.2, ""ROUTING_LOSS_WEIGHT"": 1.0, ""RESUME_EXPERIMENT"": true, ""expert_expansion"": 4.0, ""threshold"": 0.7, ""adapt_lr"": 0.05, ""expert_dropout"": 0.1}",0.334,0.1669165417291354,103.58162910219222,9896.455078125,0.0,
42,4,adaptive,"{""MODEL_NAME"": ""vinai/phobert-large"", ""MAX_LEN"": 256, ""NUM_LABELS"": 3, ""BATCH_SIZE"": 16, ""LR"": 2e-05, ""EPOCHS"": 20, ""PATIENCE"": 3, ""NUM_EXPERTS"": 8, ""SEEDS"": [42], ""CAPACITY_FACTOR"": 1.2, ""ROUTING_LOSS_WEIGHT"": 1.0, ""RESUME_EXPERIMENT"": true, ""expert_expansion"": 4.0, ""threshold"": 0.7, ""adapt_lr"": 0.05, ""expert_dropout"": 0.1}",0.333,0.1665416354088522,109.30462867494612,10128.486328125,0.0,
42,5,adaptive,"{""MODEL_NAME"": ""vinai/phobert-large"", ""MAX_LEN"": 256, ""NUM_LABELS"": 3, ""BATCH_SIZE"": 16, ""LR"": 2e-05, ""EPOCHS"": 20, ""PATIENCE"": 3, ""NUM_EXPERTS"": 8, ""SEEDS"": [42], ""CAPACITY_FACTOR"": 1.2, ""ROUTING_LOSS_WEIGHT"": 1.0, ""RESUME_EXPERIMENT"": true, ""expert_expansion"": 4.0, ""threshold"": 0.7, ""adapt_lr"": 0.05, ""expert_dropout"": 0.1}",0.333,0.1665416354088522,94.79412578401111,10128.486328125,0.0,
42,6,adaptive,"{""MODEL_NAME"": ""vinai/phobert-large"", ""MAX_LEN"": 256, ""NUM_LABELS"": 3, ""BATCH_SIZE"": 16, ""LR"": 2e-05, ""EPOCHS"": 20, ""PATIENCE"": 3, ""NUM_EXPERTS"": 8, ""SEEDS"": [42], ""CAPACITY_FACTOR"": 1.2, ""ROUTING_LOSS_WEIGHT"": 1.0, ""RESUME_EXPERIMENT"": true, ""expert_expansion"": 4.0, ""threshold"": 0.7, ""adapt_lr"": 0.05, ""expert_dropout"": 0.1}",0.333,0.1665416354088522,100.52534890553308,10128.486328125,0.0,
42,1,deepseek,"{""MODEL_NAME"": ""vinai/phobert-large"", ""MAX_LEN"": 256, ""NUM_LABELS"": 3, ""BATCH_SIZE"": 16, ""LR"": 2e-05, ""EPOCHS"": 20, ""PATIENCE"": 3, ""NUM_EXPERTS"": 8, ""SEEDS"": [42], ""CAPACITY_FACTOR"": 1.2, ""ROUTING_LOSS_WEIGHT"": 1.0, ""RESUME_EXPERIMENT"": true, ""num_routed_to_select"": 2, ""noise_level"": 0.0, ""expert_expansion"": 2.0, ""expert_dropout"": 0.1}",0.333,0.1665416354088522,104.03244835989815,9455.6689453125,0.0,
42,2,deepseek,"{""MODEL_NAME"": ""vinai/phobert-large"", ""MAX_LEN"": 256, ""NUM_LABELS"": 3, ""BATCH_SIZE"": 16, ""LR"": 2e-05, ""EPOCHS"": 20, ""PATIENCE"": 3, ""NUM_EXPERTS"": 8, ""SEEDS"": [42], ""CAPACITY_FACTOR"": 1.2, ""ROUTING_LOSS_WEIGHT"": 1.0, ""RESUME_EXPERIMENT"": true, ""num_routed_to_select"": 2, ""noise_level"": 0.0, ""expert_expansion"": 2.0, ""expert_dropout"": 0.1}",0.333,0.1665416354088522,101.7010287633018,9457.830078125,0.0,
42,3,deepseek,"{""MODEL_NAME"": ""vinai/phobert-large"", ""MAX_LEN"": 256, ""NUM_LABELS"": 3, ""BATCH_SIZE"": 16, ""LR"": 2e-05, ""EPOCHS"": 20, ""PATIENCE"": 3, ""NUM_EXPERTS"": 8, ""SEEDS"": [42], ""CAPACITY_FACTOR"": 1.2, ""ROUTING_LOSS_WEIGHT"": 1.0, ""RESUME_EXPERIMENT"": true, ""num_routed_to_select"": 2, ""noise_level"": 0.0, ""expert_expansion"": 2.0, ""expert_dropout"": 0.1}",0.333,0.1665416354088522,101.59056527273997,9457.830078125,0.0,
42,4,deepseek,"{""MODEL_NAME"": ""vinai/phobert-large"", ""MAX_LEN"": 256, ""NUM_LABELS"": 3, ""BATCH_SIZE"": 16, ""LR"": 2e-05, ""EPOCHS"": 20, ""PATIENCE"": 3, ""NUM_EXPERTS"": 8, ""SEEDS"": [42], ""CAPACITY_FACTOR"": 1.2, ""ROUTING_LOSS_WEIGHT"": 1.0, ""RESUME_EXPERIMENT"": true, ""num_routed_to_select"": 2, ""noise_level"": 0.0, ""expert_expansion"": 2.0, ""expert_dropout"": 0.1}",0.333,0.1665416354088522,100.9276140303839,9457.830078125,0.0,
42,1,deepseek,"{""MODEL_NAME"": ""vinai/phobert-large"", ""MAX_LEN"": 256, ""NUM_LABELS"": 3, ""BATCH_SIZE"": 16, ""LR"": 2e-05, ""EPOCHS"": 20, ""PATIENCE"": 3, ""NUM_EXPERTS"": 8, ""SEEDS"": [42], ""CAPACITY_FACTOR"": 1.2, ""ROUTING_LOSS_WEIGHT"": 1.0, ""RESUME_EXPERIMENT"": true, ""num_routed_to_select"": 2, ""noise_level"": 0.0, ""expert_expansion"": 4.0, ""expert_dropout"": 0.1}",0.424,0.330927536231884,108.33956324864948,9961.58154296875,0.0,
42,2,deepseek,"{""MODEL_NAME"": ""vinai/phobert-large"", ""MAX_LEN"": 256, ""NUM_LABELS"": 3, ""BATCH_SIZE"": 16, ""LR"": 2e-05, ""EPOCHS"": 20, ""PATIENCE"": 3, ""NUM_EXPERTS"": 8, ""SEEDS"": [42], ""CAPACITY_FACTOR"": 1.2, ""ROUTING_LOSS_WEIGHT"": 1.0, ""RESUME_EXPERIMENT"": true, ""num_routed_to_select"": 2, ""noise_level"": 0.0, ""expert_expansion"": 4.0, ""expert_dropout"": 0.1}",0.379,0.2684516485018946,108.57643021477594,9961.58154296875,0.0,
42,3,deepseek,"{""MODEL_NAME"": ""vinai/phobert-large"", ""MAX_LEN"": 256, ""NUM_LABELS"": 3, ""BATCH_SIZE"": 16, ""LR"": 2e-05, ""EPOCHS"": 20, ""PATIENCE"": 3, ""NUM_EXPERTS"": 8, ""SEEDS"": [42], ""CAPACITY_FACTOR"": 1.2, ""ROUTING_LOSS_WEIGHT"": 1.0, ""RESUME_EXPERIMENT"": true, ""num_routed_to_select"": 2, ""noise_level"": 0.0, ""expert_expansion"": 4.0, ""expert_dropout"": 0.1}",0.421,0.3315154334187652,108.60687210446312,9961.58154296875,0.0,
42,4,deepseek,"{""MODEL_NAME"": ""vinai/phobert-large"", ""MAX_LEN"": 256, ""NUM_LABELS"": 3, ""BATCH_SIZE"": 16, ""LR"": 2e-05, ""EPOCHS"": 20, ""PATIENCE"": 3, ""NUM_EXPERTS"": 8, ""SEEDS"": [42], ""CAPACITY_FACTOR"": 1.2, ""ROUTING_LOSS_WEIGHT"": 1.0, ""RESUME_EXPERIMENT"": true, ""num_routed_to_select"": 2, ""noise_level"": 0.0, ""expert_expansion"": 4.0, ""expert_dropout"": 0.1}",0.426,0.3412263984010814,108.45746691264804,9961.58154296875,0.0,
42,5,deepseek,"{""MODEL_NAME"": ""vinai/phobert-large"", ""MAX_LEN"": 256, ""NUM_LABELS"": 3, ""BATCH_SIZE"": 16, ""LR"": 2e-05, ""EPOCHS"": 20, ""PATIENCE"": 3, ""NUM_EXPERTS"": 8, ""SEEDS"": [42], ""CAPACITY_FACTOR"": 1.2, ""ROUTING_LOSS_WEIGHT"": 1.0, ""RESUME_EXPERIMENT"": true, ""num_routed_to_select"": 2, ""noise_level"": 0.0, ""expert_expansion"": 4.0, ""expert_dropout"": 0.1}",0.418,0.3930448708495435,108.60905193147204,9961.58154296875,0.0,
42,6,deepseek,"{""MODEL_NAME"": ""vinai/phobert-large"", ""MAX_LEN"": 256, ""NUM_LABELS"": 3, ""BATCH_SIZE"": 16, ""LR"": 2e-05, ""EPOCHS"": 20, ""PATIENCE"": 3, ""NUM_EXPERTS"": 8, ""SEEDS"": [42], ""CAPACITY_FACTOR"": 1.2, ""ROUTING_LOSS_WEIGHT"": 1.0, ""RESUME_EXPERIMENT"": true, ""num_routed_to_select"": 2, ""noise_level"": 0.0, ""expert_expansion"": 4.0, ""expert_dropout"": 0.1}",0.438,0.439067794892199,108.51610652984137,9961.58154296875,0.0,
42,7,deepseek,"{""MODEL_NAME"": ""vinai/phobert-large"", ""MAX_LEN"": 256, ""NUM_LABELS"": 3, ""BATCH_SIZE"": 16, ""LR"": 2e-05, ""EPOCHS"": 20, ""PATIENCE"": 3, ""NUM_EXPERTS"": 8, ""SEEDS"": [42], ""CAPACITY_FACTOR"": 1.2, ""ROUTING_LOSS_WEIGHT"": 1.0, ""RESUME_EXPERIMENT"": true, ""num_routed_to_select"": 2, ""noise_level"": 0.0, ""expert_expansion"": 4.0, ""expert_dropout"": 0.1}",0.439,0.4354466271224211,108.480381587195,9961.58154296875,0.0,
42,8,deepseek,"{""MODEL_NAME"": ""vinai/phobert-large"", ""MAX_LEN"": 256, ""NUM_LABELS"": 3, ""BATCH_SIZE"": 16, ""LR"": 2e-05, ""EPOCHS"": 20, ""PATIENCE"": 3, ""NUM_EXPERTS"": 8, ""SEEDS"": [42], ""CAPACITY_FACTOR"": 1.2, ""ROUTING_LOSS_WEIGHT"": 1.0, ""RESUME_EXPERIMENT"": true, ""num_routed_to_select"": 2, ""noise_level"": 0.0, ""expert_expansion"": 4.0, ""expert_dropout"": 0.1}",0.44,0.4388923038513067,108.4438921913268,9961.58154296875,0.0,
42,9,deepseek,"{""MODEL_NAME"": ""vinai/phobert-large"", ""MAX_LEN"": 256, ""NUM_LABELS"": 3, ""BATCH_SIZE"": 16, ""LR"": 2e-05, ""EPOCHS"": 20, ""PATIENCE"": 3, ""NUM_EXPERTS"": 8, ""SEEDS"": [42], ""CAPACITY_FACTOR"": 1.2, ""ROUTING_LOSS_WEIGHT"": 1.0, ""RESUME_EXPERIMENT"": true, ""num_routed_to_select"": 2, ""noise_level"": 0.0, ""expert_expansion"": 4.0, ""expert_dropout"": 0.1}",0.4,0.3939375936077531,108.69570005507695,9961.58154296875,0.0,
42,1,deepseek,"{""MODEL_NAME"": ""vinai/phobert-large"", ""MAX_LEN"": 256, ""NUM_LABELS"": 3, ""BATCH_SIZE"": 16, ""LR"": 2e-05, ""EPOCHS"": 20, ""PATIENCE"": 3, ""NUM_EXPERTS"": 8, ""SEEDS"": [42], ""CAPACITY_FACTOR"": 1.2, ""ROUTING_LOSS_WEIGHT"": 1.0, ""RESUME_EXPERIMENT"": true, ""num_routed_to_select"": 2, ""noise_level"": 0.1, ""expert_expansion"": 2.0, ""expert_dropout"": 0.1}",0.333,0.1665416354088522,103.92817996797108,9692.94873046875,0.0,
42,2,deepseek,"{""MODEL_NAME"": ""vinai/phobert-large"", ""MAX_LEN"": 256, ""NUM_LABELS"": 3, ""BATCH_SIZE"": 16, ""LR"": 2e-05, ""EPOCHS"": 20, ""PATIENCE"": 3, ""NUM_EXPERTS"": 8, ""SEEDS"": [42], ""CAPACITY_FACTOR"": 1.2, ""ROUTING_LOSS_WEIGHT"": 1.0, ""RESUME_EXPERIMENT"": true, ""num_routed_to_select"": 2, ""noise_level"": 0.1, ""expert_expansion"": 2.0, ""expert_dropout"": 0.1}",0.433,0.3468356229229739,103.7901280418275,9692.94873046875,0.0,
42,3,deepseek,"{""MODEL_NAME"": ""vinai/phobert-large"", ""MAX_LEN"": 256, ""NUM_LABELS"": 3, ""BATCH_SIZE"": 16, ""LR"": 2e-05, ""EPOCHS"": 20, ""PATIENCE"": 3, ""NUM_EXPERTS"": 8, ""SEEDS"": [42], ""CAPACITY_FACTOR"": 1.2, ""ROUTING_LOSS_WEIGHT"": 1.0, ""RESUME_EXPERIMENT"": true, ""num_routed_to_select"": 2, ""noise_level"": 0.1, ""expert_expansion"": 2.0, ""expert_dropout"": 0.1}",0.398,0.2992862055612389,104.14970867217534,9692.94873046875,0.0,
42,4,deepseek,"{""MODEL_NAME"": ""vinai/phobert-large"", ""MAX_LEN"": 256, ""NUM_LABELS"": 3, ""BATCH_SIZE"": 16, ""LR"": 2e-05, ""EPOCHS"": 20, ""PATIENCE"": 3, ""NUM_EXPERTS"": 8, ""SEEDS"": [42], ""CAPACITY_FACTOR"": 1.2, ""ROUTING_LOSS_WEIGHT"": 1.0, ""RESUME_EXPERIMENT"": true, ""num_routed_to_select"": 2, ""noise_level"": 0.1, ""expert_expansion"": 2.0, ""expert_dropout"": 0.1}",0.439,0.3526788356594103,103.977778601268,9692.94873046875,0.0,
42,5,deepseek,"{""MODEL_NAME"": ""vinai/phobert-large"", ""MAX_LEN"": 256, ""NUM_LABELS"": 3, ""BATCH_SIZE"": 16, ""LR"": 2e-05, ""EPOCHS"": 20, ""PATIENCE"": 3, ""NUM_EXPERTS"": 8, ""SEEDS"": [42], ""CAPACITY_FACTOR"": 1.2, ""ROUTING_LOSS_WEIGHT"": 1.0, ""RESUME_EXPERIMENT"": true, ""num_routed_to_select"": 2, ""noise_level"": 0.1, ""expert_expansion"": 2.0, ""expert_dropout"": 0.1}",0.424,0.3380090675414035,104.02424751766144,9692.94873046875,0.0,
42,6,deepseek,"{""MODEL_NAME"": ""vinai/phobert-large"", ""MAX_LEN"": 256, ""NUM_LABELS"": 3, ""BATCH_SIZE"": 16, ""LR"": 2e-05, ""EPOCHS"": 20, ""PATIENCE"": 3, ""NUM_EXPERTS"": 8, ""SEEDS"": [42], ""CAPACITY_FACTOR"": 1.2, ""ROUTING_LOSS_WEIGHT"": 1.0, ""RESUME_EXPERIMENT"": true, ""num_routed_to_select"": 2, ""noise_level"": 0.1, ""expert_expansion"": 2.0, ""expert_dropout"": 0.1}",0.415,0.3267953452605049,104.01771560547844,9692.94873046875,0.0,
42,7,deepseek,"{""MODEL_NAME"": ""vinai/phobert-large"", ""MAX_LEN"": 256, ""NUM_LABELS"": 3, ""BATCH_SIZE"": 16, ""LR"": 2e-05, ""EPOCHS"": 20, ""PATIENCE"": 3, ""NUM_EXPERTS"": 8, ""SEEDS"": [42], ""CAPACITY_FACTOR"": 1.2, ""ROUTING_LOSS_WEIGHT"": 1.0, ""RESUME_EXPERIMENT"": true, ""num_routed_to_select"": 2, ""noise_level"": 0.1, ""expert_expansion"": 2.0, ""expert_dropout"": 0.1}",0.424,0.3419417717282171,106.954434561351,9692.94873046875,0.0,
42,1,deepseek,"{""MODEL_NAME"": ""vinai/phobert-large"", ""MAX_LEN"": 256, ""NUM_LABELS"": 3, ""BATCH_SIZE"": 16, ""LR"": 2e-05, ""EPOCHS"": 20, ""PATIENCE"": 3, ""NUM_EXPERTS"": 8, ""SEEDS"": [42], ""CAPACITY_FACTOR"": 1.2, ""ROUTING_LOSS_WEIGHT"": 1.0, ""RESUME_EXPERIMENT"": true, ""num_routed_to_select"": 2, ""noise_level"": 0.1, ""expert_expansion"": 4.0, ""expert_dropout"": 0.1}",0.333,0.1665416354088522,108.72248240879604,9943.3896484375,0.0,
42,2,deepseek,"{""MODEL_NAME"": ""vinai/phobert-large"", ""MAX_LEN"": 256, ""NUM_LABELS"": 3, ""BATCH_SIZE"": 16, ""LR"": 2e-05, ""EPOCHS"": 20, ""PATIENCE"": 3, ""NUM_EXPERTS"": 8, ""SEEDS"": [42], ""CAPACITY_FACTOR"": 1.2, ""ROUTING_LOSS_WEIGHT"": 1.0, ""RESUME_EXPERIMENT"": true, ""num_routed_to_select"": 2, ""noise_level"": 0.1, ""expert_expansion"": 4.0, ""expert_dropout"": 0.1}",0.423,0.3380144990100778,108.32526948716904,9952.90283203125,0.0,
42,3,deepseek,"{""MODEL_NAME"": ""vinai/phobert-large"", ""MAX_LEN"": 256, ""NUM_LABELS"": 3, ""BATCH_SIZE"": 16, ""LR"": 2e-05, ""EPOCHS"": 20, ""PATIENCE"": 3, ""NUM_EXPERTS"": 8, ""SEEDS"": [42], ""CAPACITY_FACTOR"": 1.2, ""ROUTING_LOSS_WEIGHT"": 1.0, ""RESUME_EXPERIMENT"": true, ""num_routed_to_select"": 2, ""noise_level"": 0.1, ""expert_expansion"": 4.0, ""expert_dropout"": 0.1}",0.433,0.3472184622729111,109.2050075531006,9952.90283203125,0.0,
42,4,deepseek,"{""MODEL_NAME"": ""vinai/phobert-large"", ""MAX_LEN"": 256, ""NUM_LABELS"": 3, ""BATCH_SIZE"": 16, ""LR"": 2e-05, ""EPOCHS"": 20, ""PATIENCE"": 3, ""NUM_EXPERTS"": 8, ""SEEDS"": [42], ""CAPACITY_FACTOR"": 1.2, ""ROUTING_LOSS_WEIGHT"": 1.0, ""RESUME_EXPERIMENT"": true, ""num_routed_to_select"": 2, ""noise_level"": 0.1, ""expert_expansion"": 4.0, ""expert_dropout"": 0.1}",0.435,0.3454392737042237,111.53978771633572,9952.90283203125,0.0,
42,5,deepseek,"{""MODEL_NAME"": ""vinai/phobert-large"", ""MAX_LEN"": 256, ""NUM_LABELS"": 3, ""BATCH_SIZE"": 16, ""LR"": 2e-05, ""EPOCHS"": 20, ""PATIENCE"": 3, ""NUM_EXPERTS"": 8, ""SEEDS"": [42], ""CAPACITY_FACTOR"": 1.2, ""ROUTING_LOSS_WEIGHT"": 1.0, ""RESUME_EXPERIMENT"": true, ""num_routed_to_select"": 2, ""noise_level"": 0.1, ""expert_expansion"": 4.0, ""expert_dropout"": 0.1}",0.389,0.2911153469133616,109.27509883093455,9952.90283203125,0.0,
42,6,deepseek,"{""MODEL_NAME"": ""vinai/phobert-large"", ""MAX_LEN"": 256, ""NUM_LABELS"": 3, ""BATCH_SIZE"": 16, ""LR"": 2e-05, ""EPOCHS"": 20, ""PATIENCE"": 3, ""NUM_EXPERTS"": 8, ""SEEDS"": [42], ""CAPACITY_FACTOR"": 1.2, ""ROUTING_LOSS_WEIGHT"": 1.0, ""RESUME_EXPERIMENT"": true, ""num_routed_to_select"": 2, ""noise_level"": 0.1, ""expert_expansion"": 4.0, ""expert_dropout"": 0.1}",0.397,0.3048827823025766,108.2497172885471,9952.90283203125,0.0,None
