Seed,Epoch,Routing,Full_Hyperparams,Val_Acc,Val_F1,Val_Runtime_ms,Val_VRAM_MB,Val_Entropy,Val_Expert_Usage,Config
42,1,expert_choice,"{""MODEL_NAME"": ""vinai/phobert-large"", ""MAX_LEN"": 256, ""NUM_LABELS"": 3, ""BATCH_SIZE"": 12, ""LR"": 1.5e-05, ""EPOCHS"": 10, ""PATIENCE"": 3, ""SEEDS"": [42], ""NUM_EXPERTS"": 8, ""CAPACITY_FACTOR"": 1.5, ""ROUTING_LOSS_WEIGHT"": 1.0, ""RESUME_EXPERIMENT"": true, ""expert_expansion"": 2.0, ""expert_dropout"": 0.1}",0.333,0.1665416354088522,71.32108154751006,8573.28125,0.0,,"{""expert_expansion"": 2.0, ""expert_dropout"": 0.1}"
42,2,expert_choice,"{""MODEL_NAME"": ""vinai/phobert-large"", ""MAX_LEN"": 256, ""NUM_LABELS"": 3, ""BATCH_SIZE"": 12, ""LR"": 1.5e-05, ""EPOCHS"": 10, ""PATIENCE"": 3, ""SEEDS"": [42], ""NUM_EXPERTS"": 8, ""CAPACITY_FACTOR"": 1.5, ""ROUTING_LOSS_WEIGHT"": 1.0, ""RESUME_EXPERIMENT"": true, ""expert_expansion"": 2.0, ""expert_dropout"": 0.1}",0.333,0.1665416354088522,71.0581626210894,8573.28173828125,0.0,,"{""expert_expansion"": 2.0, ""expert_dropout"": 0.1}"
42,3,expert_choice,"{""MODEL_NAME"": ""vinai/phobert-large"", ""MAX_LEN"": 256, ""NUM_LABELS"": 3, ""BATCH_SIZE"": 12, ""LR"": 1.5e-05, ""EPOCHS"": 10, ""PATIENCE"": 3, ""SEEDS"": [42], ""NUM_EXPERTS"": 8, ""CAPACITY_FACTOR"": 1.5, ""ROUTING_LOSS_WEIGHT"": 1.0, ""RESUME_EXPERIMENT"": true, ""expert_expansion"": 2.0, ""expert_dropout"": 0.1}",0.333,0.1665416354088522,70.92892839795067,8573.28173828125,0.0,,"{""expert_expansion"": 2.0, ""expert_dropout"": 0.1}"
42,4,expert_choice,"{""MODEL_NAME"": ""vinai/phobert-large"", ""MAX_LEN"": 256, ""NUM_LABELS"": 3, ""BATCH_SIZE"": 12, ""LR"": 1.5e-05, ""EPOCHS"": 10, ""PATIENCE"": 3, ""SEEDS"": [42], ""NUM_EXPERTS"": 8, ""CAPACITY_FACTOR"": 1.5, ""ROUTING_LOSS_WEIGHT"": 1.0, ""RESUME_EXPERIMENT"": true, ""expert_expansion"": 2.0, ""expert_dropout"": 0.1}",0.333,0.1665416354088522,70.88502815791539,8573.28173828125,0.0,,"{""expert_expansion"": 2.0, ""expert_dropout"": 0.1}"
42,1,expert_choice,"{""MODEL_NAME"": ""vinai/phobert-large"", ""MAX_LEN"": 256, ""NUM_LABELS"": 3, ""BATCH_SIZE"": 12, ""LR"": 1.5e-05, ""EPOCHS"": 10, ""PATIENCE"": 3, ""SEEDS"": [42], ""NUM_EXPERTS"": 8, ""CAPACITY_FACTOR"": 1.5, ""ROUTING_LOSS_WEIGHT"": 1.0, ""RESUME_EXPERIMENT"": true, ""expert_expansion"": 2.0, ""expert_dropout"": 0.2}",0.333,0.1665416354088522,70.73665516717094,10128.96875,0.0,,"{""expert_expansion"": 2.0, ""expert_dropout"": 0.2}"
42,2,expert_choice,"{""MODEL_NAME"": ""vinai/phobert-large"", ""MAX_LEN"": 256, ""NUM_LABELS"": 3, ""BATCH_SIZE"": 12, ""LR"": 1.5e-05, ""EPOCHS"": 10, ""PATIENCE"": 3, ""SEEDS"": [42], ""NUM_EXPERTS"": 8, ""CAPACITY_FACTOR"": 1.5, ""ROUTING_LOSS_WEIGHT"": 1.0, ""RESUME_EXPERIMENT"": true, ""expert_expansion"": 2.0, ""expert_dropout"": 0.2}",0.353,0.2355666521766592,70.72895765304565,10128.96923828125,0.0,,"{""expert_expansion"": 2.0, ""expert_dropout"": 0.2}"
42,3,expert_choice,"{""MODEL_NAME"": ""vinai/phobert-large"", ""MAX_LEN"": 256, ""NUM_LABELS"": 3, ""BATCH_SIZE"": 12, ""LR"": 1.5e-05, ""EPOCHS"": 10, ""PATIENCE"": 3, ""SEEDS"": [42], ""NUM_EXPERTS"": 8, ""CAPACITY_FACTOR"": 1.5, ""ROUTING_LOSS_WEIGHT"": 1.0, ""RESUME_EXPERIMENT"": true, ""expert_expansion"": 2.0, ""expert_dropout"": 0.2}",0.332,0.1682506612290734,70.90165217717488,10128.96923828125,0.0,,"{""expert_expansion"": 2.0, ""expert_dropout"": 0.2}"
42,4,expert_choice,"{""MODEL_NAME"": ""vinai/phobert-large"", ""MAX_LEN"": 256, ""NUM_LABELS"": 3, ""BATCH_SIZE"": 12, ""LR"": 1.5e-05, ""EPOCHS"": 10, ""PATIENCE"": 3, ""SEEDS"": [42], ""NUM_EXPERTS"": 8, ""CAPACITY_FACTOR"": 1.5, ""ROUTING_LOSS_WEIGHT"": 1.0, ""RESUME_EXPERIMENT"": true, ""expert_expansion"": 2.0, ""expert_dropout"": 0.2}",0.333,0.1665416354088522,70.95005682536534,10128.96923828125,0.0,,"{""expert_expansion"": 2.0, ""expert_dropout"": 0.2}"
42,5,expert_choice,"{""MODEL_NAME"": ""vinai/phobert-large"", ""MAX_LEN"": 256, ""NUM_LABELS"": 3, ""BATCH_SIZE"": 12, ""LR"": 1.5e-05, ""EPOCHS"": 10, ""PATIENCE"": 3, ""SEEDS"": [42], ""NUM_EXPERTS"": 8, ""CAPACITY_FACTOR"": 1.5, ""ROUTING_LOSS_WEIGHT"": 1.0, ""RESUME_EXPERIMENT"": true, ""expert_expansion"": 2.0, ""expert_dropout"": 0.2}",0.333,0.1665416354088522,70.90878486633301,10128.96923828125,0.0,,"{""expert_expansion"": 2.0, ""expert_dropout"": 0.2}"
42,1,expert_choice,"{""MODEL_NAME"": ""vinai/phobert-large"", ""MAX_LEN"": 256, ""NUM_LABELS"": 3, ""BATCH_SIZE"": 12, ""LR"": 1.5e-05, ""EPOCHS"": 10, ""PATIENCE"": 3, ""SEEDS"": [42], ""NUM_EXPERTS"": 8, ""CAPACITY_FACTOR"": 1.5, ""ROUTING_LOSS_WEIGHT"": 1.0, ""RESUME_EXPERIMENT"": true, ""expert_expansion"": 4.0, ""expert_dropout"": 0.1}",0.333,0.1665416354088522,72.91313863935925,10621.65625,0.0,,"{""expert_expansion"": 4.0, ""expert_dropout"": 0.1}"
42,2,expert_choice,"{""MODEL_NAME"": ""vinai/phobert-large"", ""MAX_LEN"": 256, ""NUM_LABELS"": 3, ""BATCH_SIZE"": 12, ""LR"": 1.5e-05, ""EPOCHS"": 10, ""PATIENCE"": 3, ""SEEDS"": [42], ""NUM_EXPERTS"": 8, ""CAPACITY_FACTOR"": 1.5, ""ROUTING_LOSS_WEIGHT"": 1.0, ""RESUME_EXPERIMENT"": true, ""expert_expansion"": 4.0, ""expert_dropout"": 0.1}",0.333,0.1665416354088522,72.7704195749192,10621.65625,0.0,,"{""expert_expansion"": 4.0, ""expert_dropout"": 0.1}"
42,3,expert_choice,"{""MODEL_NAME"": ""vinai/phobert-large"", ""MAX_LEN"": 256, ""NUM_LABELS"": 3, ""BATCH_SIZE"": 12, ""LR"": 1.5e-05, ""EPOCHS"": 10, ""PATIENCE"": 3, ""SEEDS"": [42], ""NUM_EXPERTS"": 8, ""CAPACITY_FACTOR"": 1.5, ""ROUTING_LOSS_WEIGHT"": 1.0, ""RESUME_EXPERIMENT"": true, ""expert_expansion"": 4.0, ""expert_dropout"": 0.1}",0.333,0.1665416354088522,72.79451404299054,10621.65625,0.0,,"{""expert_expansion"": 4.0, ""expert_dropout"": 0.1}"
42,4,expert_choice,"{""MODEL_NAME"": ""vinai/phobert-large"", ""MAX_LEN"": 256, ""NUM_LABELS"": 3, ""BATCH_SIZE"": 12, ""LR"": 1.5e-05, ""EPOCHS"": 10, ""PATIENCE"": 3, ""SEEDS"": [42], ""NUM_EXPERTS"": 8, ""CAPACITY_FACTOR"": 1.5, ""ROUTING_LOSS_WEIGHT"": 1.0, ""RESUME_EXPERIMENT"": true, ""expert_expansion"": 4.0, ""expert_dropout"": 0.1}",0.333,0.1665416354088522,73.23408126831055,10621.65625,0.0,,"{""expert_expansion"": 4.0, ""expert_dropout"": 0.1}"
42,1,expert_choice,"{""MODEL_NAME"": ""vinai/phobert-large"", ""MAX_LEN"": 256, ""NUM_LABELS"": 3, ""BATCH_SIZE"": 12, ""LR"": 1.5e-05, ""EPOCHS"": 10, ""PATIENCE"": 3, ""SEEDS"": [42], ""NUM_EXPERTS"": 8, ""CAPACITY_FACTOR"": 1.5, ""ROUTING_LOSS_WEIGHT"": 1.0, ""RESUME_EXPERIMENT"": true, ""expert_expansion"": 4.0, ""expert_dropout"": 0.2}",0.336,0.1806851061534049,72.89654300326393,10747.33984375,0.0,,"{""expert_expansion"": 4.0, ""expert_dropout"": 0.2}"
42,2,expert_choice,"{""MODEL_NAME"": ""vinai/phobert-large"", ""MAX_LEN"": 256, ""NUM_LABELS"": 3, ""BATCH_SIZE"": 12, ""LR"": 1.5e-05, ""EPOCHS"": 10, ""PATIENCE"": 3, ""SEEDS"": [42], ""NUM_EXPERTS"": 8, ""CAPACITY_FACTOR"": 1.5, ""ROUTING_LOSS_WEIGHT"": 1.0, ""RESUME_EXPERIMENT"": true, ""expert_expansion"": 4.0, ""expert_dropout"": 0.2}",0.333,0.1665416354088522,73.5464266368321,10747.34033203125,0.0,,"{""expert_expansion"": 4.0, ""expert_dropout"": 0.2}"
42,3,expert_choice,"{""MODEL_NAME"": ""vinai/phobert-large"", ""MAX_LEN"": 256, ""NUM_LABELS"": 3, ""BATCH_SIZE"": 12, ""LR"": 1.5e-05, ""EPOCHS"": 10, ""PATIENCE"": 3, ""SEEDS"": [42], ""NUM_EXPERTS"": 8, ""CAPACITY_FACTOR"": 1.5, ""ROUTING_LOSS_WEIGHT"": 1.0, ""RESUME_EXPERIMENT"": true, ""expert_expansion"": 4.0, ""expert_dropout"": 0.2}",0.333,0.1665416354088522,72.97700075876146,10747.34033203125,0.0,,"{""expert_expansion"": 4.0, ""expert_dropout"": 0.2}"
42,4,expert_choice,"{""MODEL_NAME"": ""vinai/phobert-large"", ""MAX_LEN"": 256, ""NUM_LABELS"": 3, ""BATCH_SIZE"": 12, ""LR"": 1.5e-05, ""EPOCHS"": 10, ""PATIENCE"": 3, ""SEEDS"": [42], ""NUM_EXPERTS"": 8, ""CAPACITY_FACTOR"": 1.5, ""ROUTING_LOSS_WEIGHT"": 1.0, ""RESUME_EXPERIMENT"": true, ""expert_expansion"": 4.0, ""expert_dropout"": 0.2}",0.333,0.1665416354088522,72.89620808192662,10747.34033203125,0.0,,"{""expert_expansion"": 4.0, ""expert_dropout"": 0.2}"
42,1,smoe,"{""MODEL_NAME"": ""vinai/phobert-large"", ""MAX_LEN"": 256, ""NUM_LABELS"": 3, ""BATCH_SIZE"": 12, ""LR"": 1.5e-05, ""EPOCHS"": 10, ""PATIENCE"": 3, ""SEEDS"": [42], ""NUM_EXPERTS"": 8, ""CAPACITY_FACTOR"": 1.5, ""ROUTING_LOSS_WEIGHT"": 1.0, ""RESUME_EXPERIMENT"": true, ""expert_expansion"": 2.0, ""temperature"": 0.5, ""expert_dropout"": 0.1}",0.333,0.1665416354088522,76.07536088852655,10742.5986328125,0.0,,"{""expert_expansion"": 2.0, ""temperature"": 0.5, ""expert_dropout"": 0.1}"
42,2,smoe,"{""MODEL_NAME"": ""vinai/phobert-large"", ""MAX_LEN"": 256, ""NUM_LABELS"": 3, ""BATCH_SIZE"": 12, ""LR"": 1.5e-05, ""EPOCHS"": 10, ""PATIENCE"": 3, ""SEEDS"": [42], ""NUM_EXPERTS"": 8, ""CAPACITY_FACTOR"": 1.5, ""ROUTING_LOSS_WEIGHT"": 1.0, ""RESUME_EXPERIMENT"": true, ""expert_expansion"": 2.0, ""temperature"": 0.5, ""expert_dropout"": 0.1}",0.333,0.1665416354088522,76.03874376841954,10742.5986328125,0.0,,"{""expert_expansion"": 2.0, ""temperature"": 0.5, ""expert_dropout"": 0.1}"
42,3,smoe,"{""MODEL_NAME"": ""vinai/phobert-large"", ""MAX_LEN"": 256, ""NUM_LABELS"": 3, ""BATCH_SIZE"": 12, ""LR"": 1.5e-05, ""EPOCHS"": 10, ""PATIENCE"": 3, ""SEEDS"": [42], ""NUM_EXPERTS"": 8, ""CAPACITY_FACTOR"": 1.5, ""ROUTING_LOSS_WEIGHT"": 1.0, ""RESUME_EXPERIMENT"": true, ""expert_expansion"": 2.0, ""temperature"": 0.5, ""expert_dropout"": 0.1}",0.333,0.1665416354088522,76.11986568995884,10742.5986328125,0.0,,"{""expert_expansion"": 2.0, ""temperature"": 0.5, ""expert_dropout"": 0.1}"
42,4,smoe,"{""MODEL_NAME"": ""vinai/phobert-large"", ""MAX_LEN"": 256, ""NUM_LABELS"": 3, ""BATCH_SIZE"": 12, ""LR"": 1.5e-05, ""EPOCHS"": 10, ""PATIENCE"": 3, ""SEEDS"": [42], ""NUM_EXPERTS"": 8, ""CAPACITY_FACTOR"": 1.5, ""ROUTING_LOSS_WEIGHT"": 1.0, ""RESUME_EXPERIMENT"": true, ""expert_expansion"": 2.0, ""temperature"": 0.5, ""expert_dropout"": 0.1}",0.333,0.1665416354088522,76.16293146496727,10742.5986328125,0.0,,"{""expert_expansion"": 2.0, ""temperature"": 0.5, ""expert_dropout"": 0.1}"
42,1,smoe,"{""MODEL_NAME"": ""vinai/phobert-large"", ""MAX_LEN"": 256, ""NUM_LABELS"": 3, ""BATCH_SIZE"": 12, ""LR"": 1.5e-05, ""EPOCHS"": 10, ""PATIENCE"": 3, ""SEEDS"": [42], ""NUM_EXPERTS"": 8, ""CAPACITY_FACTOR"": 1.5, ""ROUTING_LOSS_WEIGHT"": 1.0, ""RESUME_EXPERIMENT"": true, ""expert_expansion"": 2.0, ""temperature"": 1.0, ""expert_dropout"": 0.1}",0.362,0.2879289197933266,76.52143069675991,10427.7958984375,0.0,,"{""expert_expansion"": 2.0, ""temperature"": 1.0, ""expert_dropout"": 0.1}"
42,2,smoe,"{""MODEL_NAME"": ""vinai/phobert-large"", ""MAX_LEN"": 256, ""NUM_LABELS"": 3, ""BATCH_SIZE"": 12, ""LR"": 1.5e-05, ""EPOCHS"": 10, ""PATIENCE"": 3, ""SEEDS"": [42], ""NUM_EXPERTS"": 8, ""CAPACITY_FACTOR"": 1.5, ""ROUTING_LOSS_WEIGHT"": 1.0, ""RESUME_EXPERIMENT"": true, ""expert_expansion"": 2.0, ""temperature"": 1.0, ""expert_dropout"": 0.1}",0.372,0.3317407621540246,76.00035837718418,10427.79638671875,0.0,,"{""expert_expansion"": 2.0, ""temperature"": 1.0, ""expert_dropout"": 0.1}"
42,3,smoe,"{""MODEL_NAME"": ""vinai/phobert-large"", ""MAX_LEN"": 256, ""NUM_LABELS"": 3, ""BATCH_SIZE"": 12, ""LR"": 1.5e-05, ""EPOCHS"": 10, ""PATIENCE"": 3, ""SEEDS"": [42], ""NUM_EXPERTS"": 8, ""CAPACITY_FACTOR"": 1.5, ""ROUTING_LOSS_WEIGHT"": 1.0, ""RESUME_EXPERIMENT"": true, ""expert_expansion"": 2.0, ""temperature"": 1.0, ""expert_dropout"": 0.1}",0.422,0.3554214789117783,76.18750277019683,10427.79638671875,0.0,,"{""expert_expansion"": 2.0, ""temperature"": 1.0, ""expert_dropout"": 0.1}"
42,4,smoe,"{""MODEL_NAME"": ""vinai/phobert-large"", ""MAX_LEN"": 256, ""NUM_LABELS"": 3, ""BATCH_SIZE"": 12, ""LR"": 1.5e-05, ""EPOCHS"": 10, ""PATIENCE"": 3, ""SEEDS"": [42], ""NUM_EXPERTS"": 8, ""CAPACITY_FACTOR"": 1.5, ""ROUTING_LOSS_WEIGHT"": 1.0, ""RESUME_EXPERIMENT"": true, ""expert_expansion"": 2.0, ""temperature"": 1.0, ""expert_dropout"": 0.1}",0.402,0.3221117283218775,76.04716221491496,10427.79638671875,0.0,,"{""expert_expansion"": 2.0, ""temperature"": 1.0, ""expert_dropout"": 0.1}"
42,5,smoe,"{""MODEL_NAME"": ""vinai/phobert-large"", ""MAX_LEN"": 256, ""NUM_LABELS"": 3, ""BATCH_SIZE"": 12, ""LR"": 1.5e-05, ""EPOCHS"": 10, ""PATIENCE"": 3, ""SEEDS"": [42], ""NUM_EXPERTS"": 8, ""CAPACITY_FACTOR"": 1.5, ""ROUTING_LOSS_WEIGHT"": 1.0, ""RESUME_EXPERIMENT"": true, ""expert_expansion"": 2.0, ""temperature"": 1.0, ""expert_dropout"": 0.1}",0.424,0.3381376542380974,76.14294120243618,10427.79638671875,0.0,,"{""expert_expansion"": 2.0, ""temperature"": 1.0, ""expert_dropout"": 0.1}"
42,6,smoe,"{""MODEL_NAME"": ""vinai/phobert-large"", ""MAX_LEN"": 256, ""NUM_LABELS"": 3, ""BATCH_SIZE"": 12, ""LR"": 1.5e-05, ""EPOCHS"": 10, ""PATIENCE"": 3, ""SEEDS"": [42], ""NUM_EXPERTS"": 8, ""CAPACITY_FACTOR"": 1.5, ""ROUTING_LOSS_WEIGHT"": 1.0, ""RESUME_EXPERIMENT"": true, ""expert_expansion"": 2.0, ""temperature"": 1.0, ""expert_dropout"": 0.1}",0.415,0.3736198644953813,76.17100647517613,10427.79638671875,0.0,,"{""expert_expansion"": 2.0, ""temperature"": 1.0, ""expert_dropout"": 0.1}"
42,7,smoe,"{""MODEL_NAME"": ""vinai/phobert-large"", ""MAX_LEN"": 256, ""NUM_LABELS"": 3, ""BATCH_SIZE"": 12, ""LR"": 1.5e-05, ""EPOCHS"": 10, ""PATIENCE"": 3, ""SEEDS"": [42], ""NUM_EXPERTS"": 8, ""CAPACITY_FACTOR"": 1.5, ""ROUTING_LOSS_WEIGHT"": 1.0, ""RESUME_EXPERIMENT"": true, ""expert_expansion"": 2.0, ""temperature"": 1.0, ""expert_dropout"": 0.1}",0.417,0.4102659659314017,76.10226245153517,10427.79638671875,0.0,,"{""expert_expansion"": 2.0, ""temperature"": 1.0, ""expert_dropout"": 0.1}"
42,8,smoe,"{""MODEL_NAME"": ""vinai/phobert-large"", ""MAX_LEN"": 256, ""NUM_LABELS"": 3, ""BATCH_SIZE"": 12, ""LR"": 1.5e-05, ""EPOCHS"": 10, ""PATIENCE"": 3, ""SEEDS"": [42], ""NUM_EXPERTS"": 8, ""CAPACITY_FACTOR"": 1.5, ""ROUTING_LOSS_WEIGHT"": 1.0, ""RESUME_EXPERIMENT"": true, ""expert_expansion"": 2.0, ""temperature"": 1.0, ""expert_dropout"": 0.1}",0.409,0.3295351473922902,76.22735557102021,10427.79638671875,0.0,,"{""expert_expansion"": 2.0, ""temperature"": 1.0, ""expert_dropout"": 0.1}"
42,9,smoe,"{""MODEL_NAME"": ""vinai/phobert-large"", ""MAX_LEN"": 256, ""NUM_LABELS"": 3, ""BATCH_SIZE"": 12, ""LR"": 1.5e-05, ""EPOCHS"": 10, ""PATIENCE"": 3, ""SEEDS"": [42], ""NUM_EXPERTS"": 8, ""CAPACITY_FACTOR"": 1.5, ""ROUTING_LOSS_WEIGHT"": 1.0, ""RESUME_EXPERIMENT"": true, ""expert_expansion"": 2.0, ""temperature"": 1.0, ""expert_dropout"": 0.1}",0.406,0.3328460148724914,76.08746063141595,10427.79638671875,0.0,,"{""expert_expansion"": 2.0, ""temperature"": 1.0, ""expert_dropout"": 0.1}"
42,10,smoe,"{""MODEL_NAME"": ""vinai/phobert-large"", ""MAX_LEN"": 256, ""NUM_LABELS"": 3, ""BATCH_SIZE"": 12, ""LR"": 1.5e-05, ""EPOCHS"": 10, ""PATIENCE"": 3, ""SEEDS"": [42], ""NUM_EXPERTS"": 8, ""CAPACITY_FACTOR"": 1.5, ""ROUTING_LOSS_WEIGHT"": 1.0, ""RESUME_EXPERIMENT"": true, ""expert_expansion"": 2.0, ""temperature"": 1.0, ""expert_dropout"": 0.1}",0.415,0.3446896005978613,76.2013764608474,10427.79638671875,0.0,,"{""expert_expansion"": 2.0, ""temperature"": 1.0, ""expert_dropout"": 0.1}"
42,1,smoe,"{""MODEL_NAME"": ""vinai/phobert-large"", ""MAX_LEN"": 256, ""NUM_LABELS"": 3, ""BATCH_SIZE"": 12, ""LR"": 1.5e-05, ""EPOCHS"": 10, ""PATIENCE"": 3, ""SEEDS"": [42], ""NUM_EXPERTS"": 8, ""CAPACITY_FACTOR"": 1.5, ""ROUTING_LOSS_WEIGHT"": 1.0, ""RESUME_EXPERIMENT"": true, ""expert_expansion"": 2.0, ""temperature"": 2.0, ""expert_dropout"": 0.1}",0.333,0.1665416354088522,76.06629246757143,10427.7958984375,0.0,,"{""expert_expansion"": 2.0, ""temperature"": 2.0, ""expert_dropout"": 0.1}"
42,2,smoe,"{""MODEL_NAME"": ""vinai/phobert-large"", ""MAX_LEN"": 256, ""NUM_LABELS"": 3, ""BATCH_SIZE"": 12, ""LR"": 1.5e-05, ""EPOCHS"": 10, ""PATIENCE"": 3, ""SEEDS"": [42], ""NUM_EXPERTS"": 8, ""CAPACITY_FACTOR"": 1.5, ""ROUTING_LOSS_WEIGHT"": 1.0, ""RESUME_EXPERIMENT"": true, ""expert_expansion"": 2.0, ""temperature"": 2.0, ""expert_dropout"": 0.1}",0.333,0.1665416354088522,76.09676747095018,10427.79638671875,0.0,,"{""expert_expansion"": 2.0, ""temperature"": 2.0, ""expert_dropout"": 0.1}"
42,3,smoe,"{""MODEL_NAME"": ""vinai/phobert-large"", ""MAX_LEN"": 256, ""NUM_LABELS"": 3, ""BATCH_SIZE"": 12, ""LR"": 1.5e-05, ""EPOCHS"": 10, ""PATIENCE"": 3, ""SEEDS"": [42], ""NUM_EXPERTS"": 8, ""CAPACITY_FACTOR"": 1.5, ""ROUTING_LOSS_WEIGHT"": 1.0, ""RESUME_EXPERIMENT"": true, ""expert_expansion"": 2.0, ""temperature"": 2.0, ""expert_dropout"": 0.1}",0.333,0.1665416354088522,76.0870689437503,10427.79638671875,0.0,,"{""expert_expansion"": 2.0, ""temperature"": 2.0, ""expert_dropout"": 0.1}"
42,4,smoe,"{""MODEL_NAME"": ""vinai/phobert-large"", ""MAX_LEN"": 256, ""NUM_LABELS"": 3, ""BATCH_SIZE"": 12, ""LR"": 1.5e-05, ""EPOCHS"": 10, ""PATIENCE"": 3, ""SEEDS"": [42], ""NUM_EXPERTS"": 8, ""CAPACITY_FACTOR"": 1.5, ""ROUTING_LOSS_WEIGHT"": 1.0, ""RESUME_EXPERIMENT"": true, ""expert_expansion"": 2.0, ""temperature"": 2.0, ""expert_dropout"": 0.1}",0.333,0.1665416354088522,76.03012380145844,10427.79638671875,0.0,,"{""expert_expansion"": 2.0, ""temperature"": 2.0, ""expert_dropout"": 0.1}"
42,1,smoe,"{""MODEL_NAME"": ""vinai/phobert-large"", ""MAX_LEN"": 256, ""NUM_LABELS"": 3, ""BATCH_SIZE"": 12, ""LR"": 1.5e-05, ""EPOCHS"": 10, ""PATIENCE"": 3, ""SEEDS"": [42], ""NUM_EXPERTS"": 8, ""CAPACITY_FACTOR"": 1.5, ""ROUTING_LOSS_WEIGHT"": 1.0, ""RESUME_EXPERIMENT"": true, ""expert_expansion"": 4.0, ""temperature"": 0.5, ""expert_dropout"": 0.1}",0.333,0.1665416354088522,81.88225257964362,11125.9072265625,0.0,,"{""expert_expansion"": 4.0, ""temperature"": 0.5, ""expert_dropout"": 0.1}"
42,2,smoe,"{""MODEL_NAME"": ""vinai/phobert-large"", ""MAX_LEN"": 256, ""NUM_LABELS"": 3, ""BATCH_SIZE"": 12, ""LR"": 1.5e-05, ""EPOCHS"": 10, ""PATIENCE"": 3, ""SEEDS"": [42], ""NUM_EXPERTS"": 8, ""CAPACITY_FACTOR"": 1.5, ""ROUTING_LOSS_WEIGHT"": 1.0, ""RESUME_EXPERIMENT"": true, ""expert_expansion"": 4.0, ""temperature"": 0.5, ""expert_dropout"": 0.1}",0.333,0.1665416354088522,81.79710024879091,11125.90771484375,0.0,,"{""expert_expansion"": 4.0, ""temperature"": 0.5, ""expert_dropout"": 0.1}"
42,3,smoe,"{""MODEL_NAME"": ""vinai/phobert-large"", ""MAX_LEN"": 256, ""NUM_LABELS"": 3, ""BATCH_SIZE"": 12, ""LR"": 1.5e-05, ""EPOCHS"": 10, ""PATIENCE"": 3, ""SEEDS"": [42], ""NUM_EXPERTS"": 8, ""CAPACITY_FACTOR"": 1.5, ""ROUTING_LOSS_WEIGHT"": 1.0, ""RESUME_EXPERIMENT"": true, ""expert_expansion"": 4.0, ""temperature"": 0.5, ""expert_dropout"": 0.1}",0.333,0.1665416354088522,81.88151461737496,11125.90771484375,0.0,,"{""expert_expansion"": 4.0, ""temperature"": 0.5, ""expert_dropout"": 0.1}"
42,4,smoe,"{""MODEL_NAME"": ""vinai/phobert-large"", ""MAX_LEN"": 256, ""NUM_LABELS"": 3, ""BATCH_SIZE"": 12, ""LR"": 1.5e-05, ""EPOCHS"": 10, ""PATIENCE"": 3, ""SEEDS"": [42], ""NUM_EXPERTS"": 8, ""CAPACITY_FACTOR"": 1.5, ""ROUTING_LOSS_WEIGHT"": 1.0, ""RESUME_EXPERIMENT"": true, ""expert_expansion"": 4.0, ""temperature"": 0.5, ""expert_dropout"": 0.1}",0.333,0.1665416354088522,81.77169447853453,11125.90771484375,0.0,,"{""expert_expansion"": 4.0, ""temperature"": 0.5, ""expert_dropout"": 0.1}"
42,1,smoe,"{""MODEL_NAME"": ""vinai/phobert-large"", ""MAX_LEN"": 256, ""NUM_LABELS"": 3, ""BATCH_SIZE"": 12, ""LR"": 1.5e-05, ""EPOCHS"": 10, ""PATIENCE"": 3, ""SEEDS"": [42], ""NUM_EXPERTS"": 8, ""CAPACITY_FACTOR"": 1.5, ""ROUTING_LOSS_WEIGHT"": 1.0, ""RESUME_EXPERIMENT"": true, ""expert_expansion"": 4.0, ""temperature"": 1.0, ""expert_dropout"": 0.1}",0.335,0.1730010951294631,81.93816173644294,11253.9658203125,0.0,,"{""expert_expansion"": 4.0, ""temperature"": 1.0, ""expert_dropout"": 0.1}"
42,2,smoe,"{""MODEL_NAME"": ""vinai/phobert-large"", ""MAX_LEN"": 256, ""NUM_LABELS"": 3, ""BATCH_SIZE"": 12, ""LR"": 1.5e-05, ""EPOCHS"": 10, ""PATIENCE"": 3, ""SEEDS"": [42], ""NUM_EXPERTS"": 8, ""CAPACITY_FACTOR"": 1.5, ""ROUTING_LOSS_WEIGHT"": 1.0, ""RESUME_EXPERIMENT"": true, ""expert_expansion"": 4.0, ""temperature"": 1.0, ""expert_dropout"": 0.1}",0.339,0.2506703908217597,81.90331856409709,11253.96630859375,0.0,,"{""expert_expansion"": 4.0, ""temperature"": 1.0, ""expert_dropout"": 0.1}"
42,3,smoe,"{""MODEL_NAME"": ""vinai/phobert-large"", ""MAX_LEN"": 256, ""NUM_LABELS"": 3, ""BATCH_SIZE"": 12, ""LR"": 1.5e-05, ""EPOCHS"": 10, ""PATIENCE"": 3, ""SEEDS"": [42], ""NUM_EXPERTS"": 8, ""CAPACITY_FACTOR"": 1.5, ""ROUTING_LOSS_WEIGHT"": 1.0, ""RESUME_EXPERIMENT"": true, ""expert_expansion"": 4.0, ""temperature"": 1.0, ""expert_dropout"": 0.1}",0.321,0.2534426629572687,81.9423000017802,11253.96630859375,0.0,,"{""expert_expansion"": 4.0, ""temperature"": 1.0, ""expert_dropout"": 0.1}"
42,4,smoe,"{""MODEL_NAME"": ""vinai/phobert-large"", ""MAX_LEN"": 256, ""NUM_LABELS"": 3, ""BATCH_SIZE"": 12, ""LR"": 1.5e-05, ""EPOCHS"": 10, ""PATIENCE"": 3, ""SEEDS"": [42], ""NUM_EXPERTS"": 8, ""CAPACITY_FACTOR"": 1.5, ""ROUTING_LOSS_WEIGHT"": 1.0, ""RESUME_EXPERIMENT"": true, ""expert_expansion"": 4.0, ""temperature"": 1.0, ""expert_dropout"": 0.1}",0.319,0.2550761360418856,81.90458729153588,11253.96630859375,0.0,,"{""expert_expansion"": 4.0, ""temperature"": 1.0, ""expert_dropout"": 0.1}"
42,5,smoe,"{""MODEL_NAME"": ""vinai/phobert-large"", ""MAX_LEN"": 256, ""NUM_LABELS"": 3, ""BATCH_SIZE"": 12, ""LR"": 1.5e-05, ""EPOCHS"": 10, ""PATIENCE"": 3, ""SEEDS"": [42], ""NUM_EXPERTS"": 8, ""CAPACITY_FACTOR"": 1.5, ""ROUTING_LOSS_WEIGHT"": 1.0, ""RESUME_EXPERIMENT"": true, ""expert_expansion"": 4.0, ""temperature"": 1.0, ""expert_dropout"": 0.1}",0.317,0.3120197307534514,81.8859821274167,11253.96630859375,0.0,,"{""expert_expansion"": 4.0, ""temperature"": 1.0, ""expert_dropout"": 0.1}"
42,6,smoe,"{""MODEL_NAME"": ""vinai/phobert-large"", ""MAX_LEN"": 256, ""NUM_LABELS"": 3, ""BATCH_SIZE"": 12, ""LR"": 1.5e-05, ""EPOCHS"": 10, ""PATIENCE"": 3, ""SEEDS"": [42], ""NUM_EXPERTS"": 8, ""CAPACITY_FACTOR"": 1.5, ""ROUTING_LOSS_WEIGHT"": 1.0, ""RESUME_EXPERIMENT"": true, ""expert_expansion"": 4.0, ""temperature"": 1.0, ""expert_dropout"": 0.1}",0.341,0.2481694880516741,81.94357440585182,11253.96630859375,0.0,,"{""expert_expansion"": 4.0, ""temperature"": 1.0, ""expert_dropout"": 0.1}"
42,7,smoe,"{""MODEL_NAME"": ""vinai/phobert-large"", ""MAX_LEN"": 256, ""NUM_LABELS"": 3, ""BATCH_SIZE"": 12, ""LR"": 1.5e-05, ""EPOCHS"": 10, ""PATIENCE"": 3, ""SEEDS"": [42], ""NUM_EXPERTS"": 8, ""CAPACITY_FACTOR"": 1.5, ""ROUTING_LOSS_WEIGHT"": 1.0, ""RESUME_EXPERIMENT"": true, ""expert_expansion"": 4.0, ""temperature"": 1.0, ""expert_dropout"": 0.1}",0.408,0.3431295632836692,81.93030527659825,11253.96630859375,0.0,,"{""expert_expansion"": 4.0, ""temperature"": 1.0, ""expert_dropout"": 0.1}"
42,8,smoe,"{""MODEL_NAME"": ""vinai/phobert-large"", ""MAX_LEN"": 256, ""NUM_LABELS"": 3, ""BATCH_SIZE"": 12, ""LR"": 1.5e-05, ""EPOCHS"": 10, ""PATIENCE"": 3, ""SEEDS"": [42], ""NUM_EXPERTS"": 8, ""CAPACITY_FACTOR"": 1.5, ""ROUTING_LOSS_WEIGHT"": 1.0, ""RESUME_EXPERIMENT"": true, ""expert_expansion"": 4.0, ""temperature"": 1.0, ""expert_dropout"": 0.1}",0.413,0.3448696468752035,81.90755617050897,11253.96630859375,0.0,,"{""expert_expansion"": 4.0, ""temperature"": 1.0, ""expert_dropout"": 0.1}"
42,9,smoe,"{""MODEL_NAME"": ""vinai/phobert-large"", ""MAX_LEN"": 256, ""NUM_LABELS"": 3, ""BATCH_SIZE"": 12, ""LR"": 1.5e-05, ""EPOCHS"": 10, ""PATIENCE"": 3, ""SEEDS"": [42], ""NUM_EXPERTS"": 8, ""CAPACITY_FACTOR"": 1.5, ""ROUTING_LOSS_WEIGHT"": 1.0, ""RESUME_EXPERIMENT"": true, ""expert_expansion"": 4.0, ""temperature"": 1.0, ""expert_dropout"": 0.1}",0.408,0.3261368260441058,81.94246462413243,11253.96630859375,0.0,,"{""expert_expansion"": 4.0, ""temperature"": 1.0, ""expert_dropout"": 0.1}"
42,10,smoe,"{""MODEL_NAME"": ""vinai/phobert-large"", ""MAX_LEN"": 256, ""NUM_LABELS"": 3, ""BATCH_SIZE"": 12, ""LR"": 1.5e-05, ""EPOCHS"": 10, ""PATIENCE"": 3, ""SEEDS"": [42], ""NUM_EXPERTS"": 8, ""CAPACITY_FACTOR"": 1.5, ""ROUTING_LOSS_WEIGHT"": 1.0, ""RESUME_EXPERIMENT"": true, ""expert_expansion"": 4.0, ""temperature"": 1.0, ""expert_dropout"": 0.1}",0.411,0.3323694955341488,81.90730356034778,11253.96630859375,0.0,,"{""expert_expansion"": 4.0, ""temperature"": 1.0, ""expert_dropout"": 0.1}"
42,1,smoe,"{""MODEL_NAME"": ""vinai/phobert-large"", ""MAX_LEN"": 256, ""NUM_LABELS"": 3, ""BATCH_SIZE"": 12, ""LR"": 1.5e-05, ""EPOCHS"": 10, ""PATIENCE"": 3, ""SEEDS"": [42], ""NUM_EXPERTS"": 8, ""CAPACITY_FACTOR"": 1.5, ""ROUTING_LOSS_WEIGHT"": 1.0, ""RESUME_EXPERIMENT"": true, ""expert_expansion"": 4.0, ""temperature"": 2.0, ""expert_dropout"": 0.1}",0.318,0.2537436810479128,81.67860621497744,11253.9658203125,0.0,,"{""expert_expansion"": 4.0, ""temperature"": 2.0, ""expert_dropout"": 0.1}"
42,2,smoe,"{""MODEL_NAME"": ""vinai/phobert-large"", ""MAX_LEN"": 256, ""NUM_LABELS"": 3, ""BATCH_SIZE"": 12, ""LR"": 1.5e-05, ""EPOCHS"": 10, ""PATIENCE"": 3, ""SEEDS"": [42], ""NUM_EXPERTS"": 8, ""CAPACITY_FACTOR"": 1.5, ""ROUTING_LOSS_WEIGHT"": 1.0, ""RESUME_EXPERIMENT"": true, ""expert_expansion"": 4.0, ""temperature"": 2.0, ""expert_dropout"": 0.1}",0.332,0.3217746411221214,81.61941028776623,11253.96630859375,0.0,,"{""expert_expansion"": 4.0, ""temperature"": 2.0, ""expert_dropout"": 0.1}"
42,3,smoe,"{""MODEL_NAME"": ""vinai/phobert-large"", ""MAX_LEN"": 256, ""NUM_LABELS"": 3, ""BATCH_SIZE"": 12, ""LR"": 1.5e-05, ""EPOCHS"": 10, ""PATIENCE"": 3, ""SEEDS"": [42], ""NUM_EXPERTS"": 8, ""CAPACITY_FACTOR"": 1.5, ""ROUTING_LOSS_WEIGHT"": 1.0, ""RESUME_EXPERIMENT"": true, ""expert_expansion"": 4.0, ""temperature"": 2.0, ""expert_dropout"": 0.1}",0.367,0.3538756971135305,81.66787737891786,11253.96630859375,0.0,,"{""expert_expansion"": 4.0, ""temperature"": 2.0, ""expert_dropout"": 0.1}"
42,4,smoe,"{""MODEL_NAME"": ""vinai/phobert-large"", ""MAX_LEN"": 256, ""NUM_LABELS"": 3, ""BATCH_SIZE"": 12, ""LR"": 1.5e-05, ""EPOCHS"": 10, ""PATIENCE"": 3, ""SEEDS"": [42], ""NUM_EXPERTS"": 8, ""CAPACITY_FACTOR"": 1.5, ""ROUTING_LOSS_WEIGHT"": 1.0, ""RESUME_EXPERIMENT"": true, ""expert_expansion"": 4.0, ""temperature"": 2.0, ""expert_dropout"": 0.1}",0.397,0.3086172675276412,81.71605780011132,11253.96630859375,0.0,,"{""expert_expansion"": 4.0, ""temperature"": 2.0, ""expert_dropout"": 0.1}"
42,5,smoe,"{""MODEL_NAME"": ""vinai/phobert-large"", ""MAX_LEN"": 256, ""NUM_LABELS"": 3, ""BATCH_SIZE"": 12, ""LR"": 1.5e-05, ""EPOCHS"": 10, ""PATIENCE"": 3, ""SEEDS"": [42], ""NUM_EXPERTS"": 8, ""CAPACITY_FACTOR"": 1.5, ""ROUTING_LOSS_WEIGHT"": 1.0, ""RESUME_EXPERIMENT"": true, ""expert_expansion"": 4.0, ""temperature"": 2.0, ""expert_dropout"": 0.1}",0.396,0.3345832454898016,81.6080854052589,11253.96630859375,0.0,,"{""expert_expansion"": 4.0, ""temperature"": 2.0, ""expert_dropout"": 0.1}"
42,6,smoe,"{""MODEL_NAME"": ""vinai/phobert-large"", ""MAX_LEN"": 256, ""NUM_LABELS"": 3, ""BATCH_SIZE"": 12, ""LR"": 1.5e-05, ""EPOCHS"": 10, ""PATIENCE"": 3, ""SEEDS"": [42], ""NUM_EXPERTS"": 8, ""CAPACITY_FACTOR"": 1.5, ""ROUTING_LOSS_WEIGHT"": 1.0, ""RESUME_EXPERIMENT"": true, ""expert_expansion"": 4.0, ""temperature"": 2.0, ""expert_dropout"": 0.1}",0.421,0.3314644097844146,81.66843085061937,11253.96630859375,0.0,,"{""expert_expansion"": 4.0, ""temperature"": 2.0, ""expert_dropout"": 0.1}"
42,1,micro,"{""MODEL_NAME"": ""vinai/phobert-large"", ""MAX_LEN"": 256, ""NUM_LABELS"": 3, ""BATCH_SIZE"": 12, ""LR"": 1.5e-05, ""EPOCHS"": 10, ""PATIENCE"": 3, ""SEEDS"": [42], ""NUM_EXPERTS"": 8, ""CAPACITY_FACTOR"": 1.5, ""ROUTING_LOSS_WEIGHT"": 1.0, ""RESUME_EXPERIMENT"": true, ""expert_expansion"": 2.0, ""expert_dropout"": 0.1}",0.333,0.1665416354088522,75.74988830657233,10751.509765625,0.0,,"{""expert_expansion"": 2.0, ""expert_dropout"": 0.1}"
42,2,micro,"{""MODEL_NAME"": ""vinai/phobert-large"", ""MAX_LEN"": 256, ""NUM_LABELS"": 3, ""BATCH_SIZE"": 12, ""LR"": 1.5e-05, ""EPOCHS"": 10, ""PATIENCE"": 3, ""SEEDS"": [42], ""NUM_EXPERTS"": 8, ""CAPACITY_FACTOR"": 1.5, ""ROUTING_LOSS_WEIGHT"": 1.0, ""RESUME_EXPERIMENT"": true, ""expert_expansion"": 2.0, ""expert_dropout"": 0.1}",0.333,0.1665416354088522,75.78559148879279,10751.509765625,0.0,,"{""expert_expansion"": 2.0, ""expert_dropout"": 0.1}"
42,3,micro,"{""MODEL_NAME"": ""vinai/phobert-large"", ""MAX_LEN"": 256, ""NUM_LABELS"": 3, ""BATCH_SIZE"": 12, ""LR"": 1.5e-05, ""EPOCHS"": 10, ""PATIENCE"": 3, ""SEEDS"": [42], ""NUM_EXPERTS"": 8, ""CAPACITY_FACTOR"": 1.5, ""ROUTING_LOSS_WEIGHT"": 1.0, ""RESUME_EXPERIMENT"": true, ""expert_expansion"": 2.0, ""expert_dropout"": 0.1}",0.333,0.1665416354088522,75.8190183412461,10751.509765625,0.0,,"{""expert_expansion"": 2.0, ""expert_dropout"": 0.1}"
42,4,micro,"{""MODEL_NAME"": ""vinai/phobert-large"", ""MAX_LEN"": 256, ""NUM_LABELS"": 3, ""BATCH_SIZE"": 12, ""LR"": 1.5e-05, ""EPOCHS"": 10, ""PATIENCE"": 3, ""SEEDS"": [42], ""NUM_EXPERTS"": 8, ""CAPACITY_FACTOR"": 1.5, ""ROUTING_LOSS_WEIGHT"": 1.0, ""RESUME_EXPERIMENT"": true, ""expert_expansion"": 2.0, ""expert_dropout"": 0.1}",0.333,0.1665416354088522,75.93294836225964,10751.509765625,0.0,,"{""expert_expansion"": 2.0, ""expert_dropout"": 0.1}"
42,1,micro,"{""MODEL_NAME"": ""vinai/phobert-large"", ""MAX_LEN"": 256, ""NUM_LABELS"": 3, ""BATCH_SIZE"": 12, ""LR"": 1.5e-05, ""EPOCHS"": 10, ""PATIENCE"": 3, ""SEEDS"": [42], ""NUM_EXPERTS"": 8, ""CAPACITY_FACTOR"": 1.5, ""ROUTING_LOSS_WEIGHT"": 1.0, ""RESUME_EXPERIMENT"": true, ""expert_expansion"": 4.0, ""expert_dropout"": 0.1}",0.333,0.1665416354088522,81.95349148341587,11112.90234375,0.0,,"{""expert_expansion"": 4.0, ""expert_dropout"": 0.1}"
42,2,micro,"{""MODEL_NAME"": ""vinai/phobert-large"", ""MAX_LEN"": 256, ""NUM_LABELS"": 3, ""BATCH_SIZE"": 12, ""LR"": 1.5e-05, ""EPOCHS"": 10, ""PATIENCE"": 3, ""SEEDS"": [42], ""NUM_EXPERTS"": 8, ""CAPACITY_FACTOR"": 1.5, ""ROUTING_LOSS_WEIGHT"": 1.0, ""RESUME_EXPERIMENT"": true, ""expert_expansion"": 4.0, ""expert_dropout"": 0.1}",0.333,0.1665416354088522,82.00404473713466,11112.90283203125,0.0,,"{""expert_expansion"": 4.0, ""expert_dropout"": 0.1}"
42,3,micro,"{""MODEL_NAME"": ""vinai/phobert-large"", ""MAX_LEN"": 256, ""NUM_LABELS"": 3, ""BATCH_SIZE"": 12, ""LR"": 1.5e-05, ""EPOCHS"": 10, ""PATIENCE"": 3, ""SEEDS"": [42], ""NUM_EXPERTS"": 8, ""CAPACITY_FACTOR"": 1.5, ""ROUTING_LOSS_WEIGHT"": 1.0, ""RESUME_EXPERIMENT"": true, ""expert_expansion"": 4.0, ""expert_dropout"": 0.1}",0.333,0.1665416354088522,82.02611832391649,11112.90283203125,0.0,,"{""expert_expansion"": 4.0, ""expert_dropout"": 0.1}"
42,4,micro,"{""MODEL_NAME"": ""vinai/phobert-large"", ""MAX_LEN"": 256, ""NUM_LABELS"": 3, ""BATCH_SIZE"": 12, ""LR"": 1.5e-05, ""EPOCHS"": 10, ""PATIENCE"": 3, ""SEEDS"": [42], ""NUM_EXPERTS"": 8, ""CAPACITY_FACTOR"": 1.5, ""ROUTING_LOSS_WEIGHT"": 1.0, ""RESUME_EXPERIMENT"": true, ""expert_expansion"": 4.0, ""expert_dropout"": 0.1}",0.333,0.1665416354088522,82.02720823742095,11112.90283203125,0.0,,"{""expert_expansion"": 4.0, ""expert_dropout"": 0.1}"
42,1,adaptive,"{""MODEL_NAME"": ""vinai/phobert-large"", ""MAX_LEN"": 256, ""NUM_LABELS"": 3, ""BATCH_SIZE"": 12, ""LR"": 1.5e-05, ""EPOCHS"": 10, ""PATIENCE"": 3, ""SEEDS"": [42], ""NUM_EXPERTS"": 8, ""CAPACITY_FACTOR"": 1.5, ""ROUTING_LOSS_WEIGHT"": 1.0, ""RESUME_EXPERIMENT"": true, ""expert_expansion"": 2.0, ""threshold"": 0.3, ""adapt_lr"": 0.01, ""expert_dropout"": 0.1}",0.333,0.1665416354088522,68.32338798613776,10741.4013671875,0.0,,"{""expert_expansion"": 2.0, ""threshold"": 0.3, ""adapt_lr"": 0.01, ""expert_dropout"": 0.1}"
42,2,adaptive,"{""MODEL_NAME"": ""vinai/phobert-large"", ""MAX_LEN"": 256, ""NUM_LABELS"": 3, ""BATCH_SIZE"": 12, ""LR"": 1.5e-05, ""EPOCHS"": 10, ""PATIENCE"": 3, ""SEEDS"": [42], ""NUM_EXPERTS"": 8, ""CAPACITY_FACTOR"": 1.5, ""ROUTING_LOSS_WEIGHT"": 1.0, ""RESUME_EXPERIMENT"": true, ""expert_expansion"": 2.0, ""threshold"": 0.3, ""adapt_lr"": 0.01, ""expert_dropout"": 0.1}",0.333,0.1665416354088522,68.21955101830619,10741.4013671875,0.0,,"{""expert_expansion"": 2.0, ""threshold"": 0.3, ""adapt_lr"": 0.01, ""expert_dropout"": 0.1}"
42,3,adaptive,"{""MODEL_NAME"": ""vinai/phobert-large"", ""MAX_LEN"": 256, ""NUM_LABELS"": 3, ""BATCH_SIZE"": 12, ""LR"": 1.5e-05, ""EPOCHS"": 10, ""PATIENCE"": 3, ""SEEDS"": [42], ""NUM_EXPERTS"": 8, ""CAPACITY_FACTOR"": 1.5, ""ROUTING_LOSS_WEIGHT"": 1.0, ""RESUME_EXPERIMENT"": true, ""expert_expansion"": 2.0, ""threshold"": 0.3, ""adapt_lr"": 0.01, ""expert_dropout"": 0.1}",0.333,0.1665416354088522,68.4514840443929,10741.4013671875,0.0,,"{""expert_expansion"": 2.0, ""threshold"": 0.3, ""adapt_lr"": 0.01, ""expert_dropout"": 0.1}"
42,4,adaptive,"{""MODEL_NAME"": ""vinai/phobert-large"", ""MAX_LEN"": 256, ""NUM_LABELS"": 3, ""BATCH_SIZE"": 12, ""LR"": 1.5e-05, ""EPOCHS"": 10, ""PATIENCE"": 3, ""SEEDS"": [42], ""NUM_EXPERTS"": 8, ""CAPACITY_FACTOR"": 1.5, ""ROUTING_LOSS_WEIGHT"": 1.0, ""RESUME_EXPERIMENT"": true, ""expert_expansion"": 2.0, ""threshold"": 0.3, ""adapt_lr"": 0.01, ""expert_dropout"": 0.1}",0.333,0.1665416354088522,68.45350492568244,10741.4013671875,0.0,,"{""expert_expansion"": 2.0, ""threshold"": 0.3, ""adapt_lr"": 0.01, ""expert_dropout"": 0.1}"
42,1,adaptive,"{""MODEL_NAME"": ""vinai/phobert-large"", ""MAX_LEN"": 256, ""NUM_LABELS"": 3, ""BATCH_SIZE"": 12, ""LR"": 1.5e-05, ""EPOCHS"": 10, ""PATIENCE"": 3, ""SEEDS"": [42], ""NUM_EXPERTS"": 8, ""CAPACITY_FACTOR"": 1.5, ""ROUTING_LOSS_WEIGHT"": 1.0, ""RESUME_EXPERIMENT"": true, ""expert_expansion"": 2.0, ""threshold"": 0.3, ""adapt_lr"": 0.05, ""expert_dropout"": 0.1}",0.333,0.1665416354088522,69.7769976797558,10352.29736328125,0.0,,"{""expert_expansion"": 2.0, ""threshold"": 0.3, ""adapt_lr"": 0.05, ""expert_dropout"": 0.1}"
42,2,adaptive,"{""MODEL_NAME"": ""vinai/phobert-large"", ""MAX_LEN"": 256, ""NUM_LABELS"": 3, ""BATCH_SIZE"": 12, ""LR"": 1.5e-05, ""EPOCHS"": 10, ""PATIENCE"": 3, ""SEEDS"": [42], ""NUM_EXPERTS"": 8, ""CAPACITY_FACTOR"": 1.5, ""ROUTING_LOSS_WEIGHT"": 1.0, ""RESUME_EXPERIMENT"": true, ""expert_expansion"": 2.0, ""threshold"": 0.3, ""adapt_lr"": 0.05, ""expert_dropout"": 0.1}",0.333,0.1665416354088522,70.09792611712501,10352.29736328125,0.0,,"{""expert_expansion"": 2.0, ""threshold"": 0.3, ""adapt_lr"": 0.05, ""expert_dropout"": 0.1}"
42,3,adaptive,"{""MODEL_NAME"": ""vinai/phobert-large"", ""MAX_LEN"": 256, ""NUM_LABELS"": 3, ""BATCH_SIZE"": 12, ""LR"": 1.5e-05, ""EPOCHS"": 10, ""PATIENCE"": 3, ""SEEDS"": [42], ""NUM_EXPERTS"": 8, ""CAPACITY_FACTOR"": 1.5, ""ROUTING_LOSS_WEIGHT"": 1.0, ""RESUME_EXPERIMENT"": true, ""expert_expansion"": 2.0, ""threshold"": 0.3, ""adapt_lr"": 0.05, ""expert_dropout"": 0.1}",0.333,0.1665416354088522,70.00539700190227,10352.29736328125,0.0,,"{""expert_expansion"": 2.0, ""threshold"": 0.3, ""adapt_lr"": 0.05, ""expert_dropout"": 0.1}"
42,4,adaptive,"{""MODEL_NAME"": ""vinai/phobert-large"", ""MAX_LEN"": 256, ""NUM_LABELS"": 3, ""BATCH_SIZE"": 12, ""LR"": 1.5e-05, ""EPOCHS"": 10, ""PATIENCE"": 3, ""SEEDS"": [42], ""NUM_EXPERTS"": 8, ""CAPACITY_FACTOR"": 1.5, ""ROUTING_LOSS_WEIGHT"": 1.0, ""RESUME_EXPERIMENT"": true, ""expert_expansion"": 2.0, ""threshold"": 0.3, ""adapt_lr"": 0.05, ""expert_dropout"": 0.1}",0.333,0.1665416354088522,69.79178246997651,10352.29736328125,0.0,,"{""expert_expansion"": 2.0, ""threshold"": 0.3, ""adapt_lr"": 0.05, ""expert_dropout"": 0.1}"
42,1,adaptive,"{""MODEL_NAME"": ""vinai/phobert-large"", ""MAX_LEN"": 256, ""NUM_LABELS"": 3, ""BATCH_SIZE"": 12, ""LR"": 1.5e-05, ""EPOCHS"": 10, ""PATIENCE"": 3, ""SEEDS"": [42], ""NUM_EXPERTS"": 8, ""CAPACITY_FACTOR"": 1.5, ""ROUTING_LOSS_WEIGHT"": 1.0, ""RESUME_EXPERIMENT"": true, ""expert_expansion"": 2.0, ""threshold"": 0.5, ""adapt_lr"": 0.01, ""expert_dropout"": 0.1}",0.333,0.1665416354088522,68.59806605747768,10043.5087890625,0.0,,"{""expert_expansion"": 2.0, ""threshold"": 0.5, ""adapt_lr"": 0.01, ""expert_dropout"": 0.1}"
42,2,adaptive,"{""MODEL_NAME"": ""vinai/phobert-large"", ""MAX_LEN"": 256, ""NUM_LABELS"": 3, ""BATCH_SIZE"": 12, ""LR"": 1.5e-05, ""EPOCHS"": 10, ""PATIENCE"": 3, ""SEEDS"": [42], ""NUM_EXPERTS"": 8, ""CAPACITY_FACTOR"": 1.5, ""ROUTING_LOSS_WEIGHT"": 1.0, ""RESUME_EXPERIMENT"": true, ""expert_expansion"": 2.0, ""threshold"": 0.5, ""adapt_lr"": 0.01, ""expert_dropout"": 0.1}",0.333,0.1665416354088522,68.17114920843214,10043.5087890625,0.0,,"{""expert_expansion"": 2.0, ""threshold"": 0.5, ""adapt_lr"": 0.01, ""expert_dropout"": 0.1}"
42,3,adaptive,"{""MODEL_NAME"": ""vinai/phobert-large"", ""MAX_LEN"": 256, ""NUM_LABELS"": 3, ""BATCH_SIZE"": 12, ""LR"": 1.5e-05, ""EPOCHS"": 10, ""PATIENCE"": 3, ""SEEDS"": [42], ""NUM_EXPERTS"": 8, ""CAPACITY_FACTOR"": 1.5, ""ROUTING_LOSS_WEIGHT"": 1.0, ""RESUME_EXPERIMENT"": true, ""expert_expansion"": 2.0, ""threshold"": 0.5, ""adapt_lr"": 0.01, ""expert_dropout"": 0.1}",0.333,0.1665416354088522,68.09745516095843,10043.5087890625,0.0,,"{""expert_expansion"": 2.0, ""threshold"": 0.5, ""adapt_lr"": 0.01, ""expert_dropout"": 0.1}"
42,4,adaptive,"{""MODEL_NAME"": ""vinai/phobert-large"", ""MAX_LEN"": 256, ""NUM_LABELS"": 3, ""BATCH_SIZE"": 12, ""LR"": 1.5e-05, ""EPOCHS"": 10, ""PATIENCE"": 3, ""SEEDS"": [42], ""NUM_EXPERTS"": 8, ""CAPACITY_FACTOR"": 1.5, ""ROUTING_LOSS_WEIGHT"": 1.0, ""RESUME_EXPERIMENT"": true, ""expert_expansion"": 2.0, ""threshold"": 0.5, ""adapt_lr"": 0.01, ""expert_dropout"": 0.1}",0.333,0.1665416354088522,68.20790256772723,10043.5087890625,0.0,,"{""expert_expansion"": 2.0, ""threshold"": 0.5, ""adapt_lr"": 0.01, ""expert_dropout"": 0.1}"
42,1,adaptive,"{""MODEL_NAME"": ""vinai/phobert-large"", ""MAX_LEN"": 256, ""NUM_LABELS"": 3, ""BATCH_SIZE"": 12, ""LR"": 1.5e-05, ""EPOCHS"": 10, ""PATIENCE"": 3, ""SEEDS"": [42], ""NUM_EXPERTS"": 8, ""CAPACITY_FACTOR"": 1.5, ""ROUTING_LOSS_WEIGHT"": 1.0, ""RESUME_EXPERIMENT"": true, ""expert_expansion"": 2.0, ""threshold"": 0.5, ""adapt_lr"": 0.05, ""expert_dropout"": 0.1}",0.333,0.1665416354088522,70.03859395072573,10345.2265625,0.0,,"{""expert_expansion"": 2.0, ""threshold"": 0.5, ""adapt_lr"": 0.05, ""expert_dropout"": 0.1}"
42,2,adaptive,"{""MODEL_NAME"": ""vinai/phobert-large"", ""MAX_LEN"": 256, ""NUM_LABELS"": 3, ""BATCH_SIZE"": 12, ""LR"": 1.5e-05, ""EPOCHS"": 10, ""PATIENCE"": 3, ""SEEDS"": [42], ""NUM_EXPERTS"": 8, ""CAPACITY_FACTOR"": 1.5, ""ROUTING_LOSS_WEIGHT"": 1.0, ""RESUME_EXPERIMENT"": true, ""expert_expansion"": 2.0, ""threshold"": 0.5, ""adapt_lr"": 0.05, ""expert_dropout"": 0.1}",0.333,0.1665416354088522,69.26713103339785,10345.2265625,0.0,,"{""expert_expansion"": 2.0, ""threshold"": 0.5, ""adapt_lr"": 0.05, ""expert_dropout"": 0.1}"
42,3,adaptive,"{""MODEL_NAME"": ""vinai/phobert-large"", ""MAX_LEN"": 256, ""NUM_LABELS"": 3, ""BATCH_SIZE"": 12, ""LR"": 1.5e-05, ""EPOCHS"": 10, ""PATIENCE"": 3, ""SEEDS"": [42], ""NUM_EXPERTS"": 8, ""CAPACITY_FACTOR"": 1.5, ""ROUTING_LOSS_WEIGHT"": 1.0, ""RESUME_EXPERIMENT"": true, ""expert_expansion"": 2.0, ""threshold"": 0.5, ""adapt_lr"": 0.05, ""expert_dropout"": 0.1}",0.333,0.1665416354088522,69.87399146670387,10345.2265625,0.0,,"{""expert_expansion"": 2.0, ""threshold"": 0.5, ""adapt_lr"": 0.05, ""expert_dropout"": 0.1}"
42,4,adaptive,"{""MODEL_NAME"": ""vinai/phobert-large"", ""MAX_LEN"": 256, ""NUM_LABELS"": 3, ""BATCH_SIZE"": 12, ""LR"": 1.5e-05, ""EPOCHS"": 10, ""PATIENCE"": 3, ""SEEDS"": [42], ""NUM_EXPERTS"": 8, ""CAPACITY_FACTOR"": 1.5, ""ROUTING_LOSS_WEIGHT"": 1.0, ""RESUME_EXPERIMENT"": true, ""expert_expansion"": 2.0, ""threshold"": 0.5, ""adapt_lr"": 0.05, ""expert_dropout"": 0.1}",0.333,0.1665416354088522,68.60994441168648,10345.2265625,0.0,,"{""expert_expansion"": 2.0, ""threshold"": 0.5, ""adapt_lr"": 0.05, ""expert_dropout"": 0.1}"
42,1,adaptive,"{""MODEL_NAME"": ""vinai/phobert-large"", ""MAX_LEN"": 256, ""NUM_LABELS"": 3, ""BATCH_SIZE"": 12, ""LR"": 1.5e-05, ""EPOCHS"": 10, ""PATIENCE"": 3, ""SEEDS"": [42], ""NUM_EXPERTS"": 8, ""CAPACITY_FACTOR"": 1.5, ""ROUTING_LOSS_WEIGHT"": 1.0, ""RESUME_EXPERIMENT"": true, ""expert_expansion"": 2.0, ""threshold"": 0.7, ""adapt_lr"": 0.01, ""expert_dropout"": 0.1}",0.333,0.1665416354088522,68.34896405537923,9819.4697265625,0.0,,"{""expert_expansion"": 2.0, ""threshold"": 0.7, ""adapt_lr"": 0.01, ""expert_dropout"": 0.1}"
42,2,adaptive,"{""MODEL_NAME"": ""vinai/phobert-large"", ""MAX_LEN"": 256, ""NUM_LABELS"": 3, ""BATCH_SIZE"": 12, ""LR"": 1.5e-05, ""EPOCHS"": 10, ""PATIENCE"": 3, ""SEEDS"": [42], ""NUM_EXPERTS"": 8, ""CAPACITY_FACTOR"": 1.5, ""ROUTING_LOSS_WEIGHT"": 1.0, ""RESUME_EXPERIMENT"": true, ""expert_expansion"": 2.0, ""threshold"": 0.7, ""adapt_lr"": 0.01, ""expert_dropout"": 0.1}",0.333,0.1665416354088522,68.99263461430867,9819.4697265625,0.0,,"{""expert_expansion"": 2.0, ""threshold"": 0.7, ""adapt_lr"": 0.01, ""expert_dropout"": 0.1}"
42,3,adaptive,"{""MODEL_NAME"": ""vinai/phobert-large"", ""MAX_LEN"": 256, ""NUM_LABELS"": 3, ""BATCH_SIZE"": 12, ""LR"": 1.5e-05, ""EPOCHS"": 10, ""PATIENCE"": 3, ""SEEDS"": [42], ""NUM_EXPERTS"": 8, ""CAPACITY_FACTOR"": 1.5, ""ROUTING_LOSS_WEIGHT"": 1.0, ""RESUME_EXPERIMENT"": true, ""expert_expansion"": 2.0, ""threshold"": 0.7, ""adapt_lr"": 0.01, ""expert_dropout"": 0.1}",0.333,0.1665416354088522,68.19442624137514,9819.4697265625,0.0,,"{""expert_expansion"": 2.0, ""threshold"": 0.7, ""adapt_lr"": 0.01, ""expert_dropout"": 0.1}"
42,4,adaptive,"{""MODEL_NAME"": ""vinai/phobert-large"", ""MAX_LEN"": 256, ""NUM_LABELS"": 3, ""BATCH_SIZE"": 12, ""LR"": 1.5e-05, ""EPOCHS"": 10, ""PATIENCE"": 3, ""SEEDS"": [42], ""NUM_EXPERTS"": 8, ""CAPACITY_FACTOR"": 1.5, ""ROUTING_LOSS_WEIGHT"": 1.0, ""RESUME_EXPERIMENT"": true, ""expert_expansion"": 2.0, ""threshold"": 0.7, ""adapt_lr"": 0.01, ""expert_dropout"": 0.1}",0.333,0.1665416354088522,68.33570344107491,9819.4697265625,0.0,,"{""expert_expansion"": 2.0, ""threshold"": 0.7, ""adapt_lr"": 0.01, ""expert_dropout"": 0.1}"
42,1,adaptive,"{""MODEL_NAME"": ""vinai/phobert-large"", ""MAX_LEN"": 256, ""NUM_LABELS"": 3, ""BATCH_SIZE"": 12, ""LR"": 1.5e-05, ""EPOCHS"": 10, ""PATIENCE"": 3, ""SEEDS"": [42], ""NUM_EXPERTS"": 8, ""CAPACITY_FACTOR"": 1.5, ""ROUTING_LOSS_WEIGHT"": 1.0, ""RESUME_EXPERIMENT"": true, ""expert_expansion"": 2.0, ""threshold"": 0.7, ""adapt_lr"": 0.05, ""expert_dropout"": 0.1}",0.333,0.1665416354088522,68.38093485151019,10130.1611328125,0.0,,"{""expert_expansion"": 2.0, ""threshold"": 0.7, ""adapt_lr"": 0.05, ""expert_dropout"": 0.1}"
42,2,adaptive,"{""MODEL_NAME"": ""vinai/phobert-large"", ""MAX_LEN"": 256, ""NUM_LABELS"": 3, ""BATCH_SIZE"": 12, ""LR"": 1.5e-05, ""EPOCHS"": 10, ""PATIENCE"": 3, ""SEEDS"": [42], ""NUM_EXPERTS"": 8, ""CAPACITY_FACTOR"": 1.5, ""ROUTING_LOSS_WEIGHT"": 1.0, ""RESUME_EXPERIMENT"": true, ""expert_expansion"": 2.0, ""threshold"": 0.7, ""adapt_lr"": 0.05, ""expert_dropout"": 0.1}",0.333,0.1665416354088522,68.45835277012416,10130.16162109375,0.0,,"{""expert_expansion"": 2.0, ""threshold"": 0.7, ""adapt_lr"": 0.05, ""expert_dropout"": 0.1}"
42,3,adaptive,"{""MODEL_NAME"": ""vinai/phobert-large"", ""MAX_LEN"": 256, ""NUM_LABELS"": 3, ""BATCH_SIZE"": 12, ""LR"": 1.5e-05, ""EPOCHS"": 10, ""PATIENCE"": 3, ""SEEDS"": [42], ""NUM_EXPERTS"": 8, ""CAPACITY_FACTOR"": 1.5, ""ROUTING_LOSS_WEIGHT"": 1.0, ""RESUME_EXPERIMENT"": true, ""expert_expansion"": 2.0, ""threshold"": 0.7, ""adapt_lr"": 0.05, ""expert_dropout"": 0.1}",0.333,0.1665416354088522,68.33688134238832,10130.16162109375,0.0,,"{""expert_expansion"": 2.0, ""threshold"": 0.7, ""adapt_lr"": 0.05, ""expert_dropout"": 0.1}"
42,4,adaptive,"{""MODEL_NAME"": ""vinai/phobert-large"", ""MAX_LEN"": 256, ""NUM_LABELS"": 3, ""BATCH_SIZE"": 12, ""LR"": 1.5e-05, ""EPOCHS"": 10, ""PATIENCE"": 3, ""SEEDS"": [42], ""NUM_EXPERTS"": 8, ""CAPACITY_FACTOR"": 1.5, ""ROUTING_LOSS_WEIGHT"": 1.0, ""RESUME_EXPERIMENT"": true, ""expert_expansion"": 2.0, ""threshold"": 0.7, ""adapt_lr"": 0.05, ""expert_dropout"": 0.1}",0.333,0.1665416354088522,68.57747123354957,10130.16162109375,0.0,,"{""expert_expansion"": 2.0, ""threshold"": 0.7, ""adapt_lr"": 0.05, ""expert_dropout"": 0.1}"
42,1,adaptive,"{""MODEL_NAME"": ""vinai/phobert-large"", ""MAX_LEN"": 256, ""NUM_LABELS"": 3, ""BATCH_SIZE"": 12, ""LR"": 1.5e-05, ""EPOCHS"": 10, ""PATIENCE"": 3, ""SEEDS"": [42], ""NUM_EXPERTS"": 8, ""CAPACITY_FACTOR"": 1.5, ""ROUTING_LOSS_WEIGHT"": 1.0, ""RESUME_EXPERIMENT"": true, ""expert_expansion"": 4.0, ""threshold"": 0.3, ""adapt_lr"": 0.01, ""expert_dropout"": 0.1}",0.333,0.1665416354088522,68.33088397979736,11093.19384765625,0.0,,"{""expert_expansion"": 4.0, ""threshold"": 0.3, ""adapt_lr"": 0.01, ""expert_dropout"": 0.1}"
42,2,adaptive,"{""MODEL_NAME"": ""vinai/phobert-large"", ""MAX_LEN"": 256, ""NUM_LABELS"": 3, ""BATCH_SIZE"": 12, ""LR"": 1.5e-05, ""EPOCHS"": 10, ""PATIENCE"": 3, ""SEEDS"": [42], ""NUM_EXPERTS"": 8, ""CAPACITY_FACTOR"": 1.5, ""ROUTING_LOSS_WEIGHT"": 1.0, ""RESUME_EXPERIMENT"": true, ""expert_expansion"": 4.0, ""threshold"": 0.3, ""adapt_lr"": 0.01, ""expert_dropout"": 0.1}",0.333,0.1665416354088522,68.33906116939727,11093.19384765625,0.0,,"{""expert_expansion"": 4.0, ""threshold"": 0.3, ""adapt_lr"": 0.01, ""expert_dropout"": 0.1}"
42,3,adaptive,"{""MODEL_NAME"": ""vinai/phobert-large"", ""MAX_LEN"": 256, ""NUM_LABELS"": 3, ""BATCH_SIZE"": 12, ""LR"": 1.5e-05, ""EPOCHS"": 10, ""PATIENCE"": 3, ""SEEDS"": [42], ""NUM_EXPERTS"": 8, ""CAPACITY_FACTOR"": 1.5, ""ROUTING_LOSS_WEIGHT"": 1.0, ""RESUME_EXPERIMENT"": true, ""expert_expansion"": 4.0, ""threshold"": 0.3, ""adapt_lr"": 0.01, ""expert_dropout"": 0.1}",0.333,0.1665416354088522,68.49205493927002,11093.19384765625,0.0,,"{""expert_expansion"": 4.0, ""threshold"": 0.3, ""adapt_lr"": 0.01, ""expert_dropout"": 0.1}"
42,4,adaptive,"{""MODEL_NAME"": ""vinai/phobert-large"", ""MAX_LEN"": 256, ""NUM_LABELS"": 3, ""BATCH_SIZE"": 12, ""LR"": 1.5e-05, ""EPOCHS"": 10, ""PATIENCE"": 3, ""SEEDS"": [42], ""NUM_EXPERTS"": 8, ""CAPACITY_FACTOR"": 1.5, ""ROUTING_LOSS_WEIGHT"": 1.0, ""RESUME_EXPERIMENT"": true, ""expert_expansion"": 4.0, ""threshold"": 0.3, ""adapt_lr"": 0.01, ""expert_dropout"": 0.1}",0.333,0.1665416354088522,69.4448607308524,11093.19384765625,0.0,,"{""expert_expansion"": 4.0, ""threshold"": 0.3, ""adapt_lr"": 0.01, ""expert_dropout"": 0.1}"
42,1,adaptive,"{""MODEL_NAME"": ""vinai/phobert-large"", ""MAX_LEN"": 256, ""NUM_LABELS"": 3, ""BATCH_SIZE"": 12, ""LR"": 1.5e-05, ""EPOCHS"": 10, ""PATIENCE"": 3, ""SEEDS"": [42], ""NUM_EXPERTS"": 8, ""CAPACITY_FACTOR"": 1.5, ""ROUTING_LOSS_WEIGHT"": 1.0, ""RESUME_EXPERIMENT"": true, ""expert_expansion"": 4.0, ""threshold"": 0.3, ""adapt_lr"": 0.05, ""expert_dropout"": 0.1}",0.333,0.1665416354088522,72.84680150804066,11061.04638671875,0.0,,"{""expert_expansion"": 4.0, ""threshold"": 0.3, ""adapt_lr"": 0.05, ""expert_dropout"": 0.1}"
42,2,adaptive,"{""MODEL_NAME"": ""vinai/phobert-large"", ""MAX_LEN"": 256, ""NUM_LABELS"": 3, ""BATCH_SIZE"": 12, ""LR"": 1.5e-05, ""EPOCHS"": 10, ""PATIENCE"": 3, ""SEEDS"": [42], ""NUM_EXPERTS"": 8, ""CAPACITY_FACTOR"": 1.5, ""ROUTING_LOSS_WEIGHT"": 1.0, ""RESUME_EXPERIMENT"": true, ""expert_expansion"": 4.0, ""threshold"": 0.3, ""adapt_lr"": 0.05, ""expert_dropout"": 0.1}",0.334,0.1669165417291354,68.64018099648612,11061.04638671875,0.0,,"{""expert_expansion"": 4.0, ""threshold"": 0.3, ""adapt_lr"": 0.05, ""expert_dropout"": 0.1}"
42,3,adaptive,"{""MODEL_NAME"": ""vinai/phobert-large"", ""MAX_LEN"": 256, ""NUM_LABELS"": 3, ""BATCH_SIZE"": 12, ""LR"": 1.5e-05, ""EPOCHS"": 10, ""PATIENCE"": 3, ""SEEDS"": [42], ""NUM_EXPERTS"": 8, ""CAPACITY_FACTOR"": 1.5, ""ROUTING_LOSS_WEIGHT"": 1.0, ""RESUME_EXPERIMENT"": true, ""expert_expansion"": 4.0, ""threshold"": 0.3, ""adapt_lr"": 0.05, ""expert_dropout"": 0.1}",0.333,0.1665416354088522,72.7434101558867,11061.04638671875,0.0,,"{""expert_expansion"": 4.0, ""threshold"": 0.3, ""adapt_lr"": 0.05, ""expert_dropout"": 0.1}"
42,4,adaptive,"{""MODEL_NAME"": ""vinai/phobert-large"", ""MAX_LEN"": 256, ""NUM_LABELS"": 3, ""BATCH_SIZE"": 12, ""LR"": 1.5e-05, ""EPOCHS"": 10, ""PATIENCE"": 3, ""SEEDS"": [42], ""NUM_EXPERTS"": 8, ""CAPACITY_FACTOR"": 1.5, ""ROUTING_LOSS_WEIGHT"": 1.0, ""RESUME_EXPERIMENT"": true, ""expert_expansion"": 4.0, ""threshold"": 0.3, ""adapt_lr"": 0.05, ""expert_dropout"": 0.1}",0.334,0.1669165417291354,68.45879838580177,11061.04638671875,0.0,,"{""expert_expansion"": 4.0, ""threshold"": 0.3, ""adapt_lr"": 0.05, ""expert_dropout"": 0.1}"
42,5,adaptive,"{""MODEL_NAME"": ""vinai/phobert-large"", ""MAX_LEN"": 256, ""NUM_LABELS"": 3, ""BATCH_SIZE"": 12, ""LR"": 1.5e-05, ""EPOCHS"": 10, ""PATIENCE"": 3, ""SEEDS"": [42], ""NUM_EXPERTS"": 8, ""CAPACITY_FACTOR"": 1.5, ""ROUTING_LOSS_WEIGHT"": 1.0, ""RESUME_EXPERIMENT"": true, ""expert_expansion"": 4.0, ""threshold"": 0.3, ""adapt_lr"": 0.05, ""expert_dropout"": 0.1}",0.402,0.3221832632071061,72.79108535675775,11061.04638671875,0.0,,"{""expert_expansion"": 4.0, ""threshold"": 0.3, ""adapt_lr"": 0.05, ""expert_dropout"": 0.1}"
42,6,adaptive,"{""MODEL_NAME"": ""vinai/phobert-large"", ""MAX_LEN"": 256, ""NUM_LABELS"": 3, ""BATCH_SIZE"": 12, ""LR"": 1.5e-05, ""EPOCHS"": 10, ""PATIENCE"": 3, ""SEEDS"": [42], ""NUM_EXPERTS"": 8, ""CAPACITY_FACTOR"": 1.5, ""ROUTING_LOSS_WEIGHT"": 1.0, ""RESUME_EXPERIMENT"": true, ""expert_expansion"": 4.0, ""threshold"": 0.3, ""adapt_lr"": 0.05, ""expert_dropout"": 0.1}",0.334,0.1669165417291354,68.49079188846406,11061.04638671875,0.0,,"{""expert_expansion"": 4.0, ""threshold"": 0.3, ""adapt_lr"": 0.05, ""expert_dropout"": 0.1}"
42,7,adaptive,"{""MODEL_NAME"": ""vinai/phobert-large"", ""MAX_LEN"": 256, ""NUM_LABELS"": 3, ""BATCH_SIZE"": 12, ""LR"": 1.5e-05, ""EPOCHS"": 10, ""PATIENCE"": 3, ""SEEDS"": [42], ""NUM_EXPERTS"": 8, ""CAPACITY_FACTOR"": 1.5, ""ROUTING_LOSS_WEIGHT"": 1.0, ""RESUME_EXPERIMENT"": true, ""expert_expansion"": 4.0, ""threshold"": 0.3, ""adapt_lr"": 0.05, ""expert_dropout"": 0.1}",0.425,0.3381052089230778,72.70130657014393,11061.04638671875,0.0,,"{""expert_expansion"": 4.0, ""threshold"": 0.3, ""adapt_lr"": 0.05, ""expert_dropout"": 0.1}"
42,8,adaptive,"{""MODEL_NAME"": ""vinai/phobert-large"", ""MAX_LEN"": 256, ""NUM_LABELS"": 3, ""BATCH_SIZE"": 12, ""LR"": 1.5e-05, ""EPOCHS"": 10, ""PATIENCE"": 3, ""SEEDS"": [42], ""NUM_EXPERTS"": 8, ""CAPACITY_FACTOR"": 1.5, ""ROUTING_LOSS_WEIGHT"": 1.0, ""RESUME_EXPERIMENT"": true, ""expert_expansion"": 4.0, ""threshold"": 0.3, ""adapt_lr"": 0.05, ""expert_dropout"": 0.1}",0.334,0.1669165417291354,68.57696601322719,11061.04638671875,0.0,,"{""expert_expansion"": 4.0, ""threshold"": 0.3, ""adapt_lr"": 0.05, ""expert_dropout"": 0.1}"
42,9,adaptive,"{""MODEL_NAME"": ""vinai/phobert-large"", ""MAX_LEN"": 256, ""NUM_LABELS"": 3, ""BATCH_SIZE"": 12, ""LR"": 1.5e-05, ""EPOCHS"": 10, ""PATIENCE"": 3, ""SEEDS"": [42], ""NUM_EXPERTS"": 8, ""CAPACITY_FACTOR"": 1.5, ""ROUTING_LOSS_WEIGHT"": 1.0, ""RESUME_EXPERIMENT"": true, ""expert_expansion"": 4.0, ""threshold"": 0.3, ""adapt_lr"": 0.05, ""expert_dropout"": 0.1}",0.417,0.3276307537940549,72.82523314158122,11061.04638671875,0.0,,"{""expert_expansion"": 4.0, ""threshold"": 0.3, ""adapt_lr"": 0.05, ""expert_dropout"": 0.1}"
42,10,adaptive,"{""MODEL_NAME"": ""vinai/phobert-large"", ""MAX_LEN"": 256, ""NUM_LABELS"": 3, ""BATCH_SIZE"": 12, ""LR"": 1.5e-05, ""EPOCHS"": 10, ""PATIENCE"": 3, ""SEEDS"": [42], ""NUM_EXPERTS"": 8, ""CAPACITY_FACTOR"": 1.5, ""ROUTING_LOSS_WEIGHT"": 1.0, ""RESUME_EXPERIMENT"": true, ""expert_expansion"": 4.0, ""threshold"": 0.3, ""adapt_lr"": 0.05, ""expert_dropout"": 0.1}",0.333,0.1665416354088522,68.46644764854796,11061.04638671875,0.0,,"{""expert_expansion"": 4.0, ""threshold"": 0.3, ""adapt_lr"": 0.05, ""expert_dropout"": 0.1}"
42,1,adaptive,"{""MODEL_NAME"": ""vinai/phobert-large"", ""MAX_LEN"": 256, ""NUM_LABELS"": 3, ""BATCH_SIZE"": 12, ""LR"": 1.5e-05, ""EPOCHS"": 10, ""PATIENCE"": 3, ""SEEDS"": [42], ""NUM_EXPERTS"": 8, ""CAPACITY_FACTOR"": 1.5, ""ROUTING_LOSS_WEIGHT"": 1.0, ""RESUME_EXPERIMENT"": true, ""expert_expansion"": 4.0, ""threshold"": 0.5, ""adapt_lr"": 0.01, ""expert_dropout"": 0.1}",0.334,0.1669165417291354,68.53279045649937,10635.7939453125,0.0,,"{""expert_expansion"": 4.0, ""threshold"": 0.5, ""adapt_lr"": 0.01, ""expert_dropout"": 0.1}"
42,2,adaptive,"{""MODEL_NAME"": ""vinai/phobert-large"", ""MAX_LEN"": 256, ""NUM_LABELS"": 3, ""BATCH_SIZE"": 12, ""LR"": 1.5e-05, ""EPOCHS"": 10, ""PATIENCE"": 3, ""SEEDS"": [42], ""NUM_EXPERTS"": 8, ""CAPACITY_FACTOR"": 1.5, ""ROUTING_LOSS_WEIGHT"": 1.0, ""RESUME_EXPERIMENT"": true, ""expert_expansion"": 4.0, ""threshold"": 0.5, ""adapt_lr"": 0.01, ""expert_dropout"": 0.1}",0.334,0.1669165417291354,68.57267447880336,10635.7939453125,0.0,,"{""expert_expansion"": 4.0, ""threshold"": 0.5, ""adapt_lr"": 0.01, ""expert_dropout"": 0.1}"
42,3,adaptive,"{""MODEL_NAME"": ""vinai/phobert-large"", ""MAX_LEN"": 256, ""NUM_LABELS"": 3, ""BATCH_SIZE"": 12, ""LR"": 1.5e-05, ""EPOCHS"": 10, ""PATIENCE"": 3, ""SEEDS"": [42], ""NUM_EXPERTS"": 8, ""CAPACITY_FACTOR"": 1.5, ""ROUTING_LOSS_WEIGHT"": 1.0, ""RESUME_EXPERIMENT"": true, ""expert_expansion"": 4.0, ""threshold"": 0.5, ""adapt_lr"": 0.01, ""expert_dropout"": 0.1}",0.333,0.1665416354088522,68.41149500438145,10635.7939453125,0.0,,"{""expert_expansion"": 4.0, ""threshold"": 0.5, ""adapt_lr"": 0.01, ""expert_dropout"": 0.1}"
42,4,adaptive,"{""MODEL_NAME"": ""vinai/phobert-large"", ""MAX_LEN"": 256, ""NUM_LABELS"": 3, ""BATCH_SIZE"": 12, ""LR"": 1.5e-05, ""EPOCHS"": 10, ""PATIENCE"": 3, ""SEEDS"": [42], ""NUM_EXPERTS"": 8, ""CAPACITY_FACTOR"": 1.5, ""ROUTING_LOSS_WEIGHT"": 1.0, ""RESUME_EXPERIMENT"": true, ""expert_expansion"": 4.0, ""threshold"": 0.5, ""adapt_lr"": 0.01, ""expert_dropout"": 0.1}",0.333,0.1665416354088522,68.42845678329468,10635.7939453125,0.0,,"{""expert_expansion"": 4.0, ""threshold"": 0.5, ""adapt_lr"": 0.01, ""expert_dropout"": 0.1}"
42,1,adaptive,"{""MODEL_NAME"": ""vinai/phobert-large"", ""MAX_LEN"": 256, ""NUM_LABELS"": 3, ""BATCH_SIZE"": 12, ""LR"": 1.5e-05, ""EPOCHS"": 10, ""PATIENCE"": 3, ""SEEDS"": [42], ""NUM_EXPERTS"": 8, ""CAPACITY_FACTOR"": 1.5, ""ROUTING_LOSS_WEIGHT"": 1.0, ""RESUME_EXPERIMENT"": true, ""expert_expansion"": 4.0, ""threshold"": 0.5, ""adapt_lr"": 0.05, ""expert_dropout"": 0.1}",0.333,0.1665416354088522,68.32356680007209,11038.98876953125,0.0,,"{""expert_expansion"": 4.0, ""threshold"": 0.5, ""adapt_lr"": 0.05, ""expert_dropout"": 0.1}"
42,2,adaptive,"{""MODEL_NAME"": ""vinai/phobert-large"", ""MAX_LEN"": 256, ""NUM_LABELS"": 3, ""BATCH_SIZE"": 12, ""LR"": 1.5e-05, ""EPOCHS"": 10, ""PATIENCE"": 3, ""SEEDS"": [42], ""NUM_EXPERTS"": 8, ""CAPACITY_FACTOR"": 1.5, ""ROUTING_LOSS_WEIGHT"": 1.0, ""RESUME_EXPERIMENT"": true, ""expert_expansion"": 4.0, ""threshold"": 0.5, ""adapt_lr"": 0.05, ""expert_dropout"": 0.1}",0.333,0.1665416354088522,70.47795114063081,11038.98876953125,0.0,,"{""expert_expansion"": 4.0, ""threshold"": 0.5, ""adapt_lr"": 0.05, ""expert_dropout"": 0.1}"
42,3,adaptive,"{""MODEL_NAME"": ""vinai/phobert-large"", ""MAX_LEN"": 256, ""NUM_LABELS"": 3, ""BATCH_SIZE"": 12, ""LR"": 1.5e-05, ""EPOCHS"": 10, ""PATIENCE"": 3, ""SEEDS"": [42], ""NUM_EXPERTS"": 8, ""CAPACITY_FACTOR"": 1.5, ""ROUTING_LOSS_WEIGHT"": 1.0, ""RESUME_EXPERIMENT"": true, ""expert_expansion"": 4.0, ""threshold"": 0.5, ""adapt_lr"": 0.05, ""expert_dropout"": 0.1}",0.333,0.1665416354088522,68.3358425185794,11038.98876953125,0.0,,"{""expert_expansion"": 4.0, ""threshold"": 0.5, ""adapt_lr"": 0.05, ""expert_dropout"": 0.1}"
42,4,adaptive,"{""MODEL_NAME"": ""vinai/phobert-large"", ""MAX_LEN"": 256, ""NUM_LABELS"": 3, ""BATCH_SIZE"": 12, ""LR"": 1.5e-05, ""EPOCHS"": 10, ""PATIENCE"": 3, ""SEEDS"": [42], ""NUM_EXPERTS"": 8, ""CAPACITY_FACTOR"": 1.5, ""ROUTING_LOSS_WEIGHT"": 1.0, ""RESUME_EXPERIMENT"": true, ""expert_expansion"": 4.0, ""threshold"": 0.5, ""adapt_lr"": 0.05, ""expert_dropout"": 0.1}",0.333,0.1665416354088522,70.47740334556215,11038.98876953125,0.0,,"{""expert_expansion"": 4.0, ""threshold"": 0.5, ""adapt_lr"": 0.05, ""expert_dropout"": 0.1}"
42,1,adaptive,"{""MODEL_NAME"": ""vinai/phobert-large"", ""MAX_LEN"": 256, ""NUM_LABELS"": 3, ""BATCH_SIZE"": 12, ""LR"": 1.5e-05, ""EPOCHS"": 10, ""PATIENCE"": 3, ""SEEDS"": [42], ""NUM_EXPERTS"": 8, ""CAPACITY_FACTOR"": 1.5, ""ROUTING_LOSS_WEIGHT"": 1.0, ""RESUME_EXPERIMENT"": true, ""expert_expansion"": 4.0, ""threshold"": 0.7, ""adapt_lr"": 0.01, ""expert_dropout"": 0.1}",0.333,0.1665416354088522,68.33912361235846,9963.5087890625,0.0,,"{""expert_expansion"": 4.0, ""threshold"": 0.7, ""adapt_lr"": 0.01, ""expert_dropout"": 0.1}"
42,2,adaptive,"{""MODEL_NAME"": ""vinai/phobert-large"", ""MAX_LEN"": 256, ""NUM_LABELS"": 3, ""BATCH_SIZE"": 12, ""LR"": 1.5e-05, ""EPOCHS"": 10, ""PATIENCE"": 3, ""SEEDS"": [42], ""NUM_EXPERTS"": 8, ""CAPACITY_FACTOR"": 1.5, ""ROUTING_LOSS_WEIGHT"": 1.0, ""RESUME_EXPERIMENT"": true, ""expert_expansion"": 4.0, ""threshold"": 0.7, ""adapt_lr"": 0.01, ""expert_dropout"": 0.1}",0.333,0.1665416354088522,68.33914915720622,9963.50927734375,0.0,,"{""expert_expansion"": 4.0, ""threshold"": 0.7, ""adapt_lr"": 0.01, ""expert_dropout"": 0.1}"
42,3,adaptive,"{""MODEL_NAME"": ""vinai/phobert-large"", ""MAX_LEN"": 256, ""NUM_LABELS"": 3, ""BATCH_SIZE"": 12, ""LR"": 1.5e-05, ""EPOCHS"": 10, ""PATIENCE"": 3, ""SEEDS"": [42], ""NUM_EXPERTS"": 8, ""CAPACITY_FACTOR"": 1.5, ""ROUTING_LOSS_WEIGHT"": 1.0, ""RESUME_EXPERIMENT"": true, ""expert_expansion"": 4.0, ""threshold"": 0.7, ""adapt_lr"": 0.01, ""expert_dropout"": 0.1}",0.333,0.1665416354088522,68.3865887778146,9963.50927734375,0.0,,"{""expert_expansion"": 4.0, ""threshold"": 0.7, ""adapt_lr"": 0.01, ""expert_dropout"": 0.1}"
42,4,adaptive,"{""MODEL_NAME"": ""vinai/phobert-large"", ""MAX_LEN"": 256, ""NUM_LABELS"": 3, ""BATCH_SIZE"": 12, ""LR"": 1.5e-05, ""EPOCHS"": 10, ""PATIENCE"": 3, ""SEEDS"": [42], ""NUM_EXPERTS"": 8, ""CAPACITY_FACTOR"": 1.5, ""ROUTING_LOSS_WEIGHT"": 1.0, ""RESUME_EXPERIMENT"": true, ""expert_expansion"": 4.0, ""threshold"": 0.7, ""adapt_lr"": 0.01, ""expert_dropout"": 0.1}",0.333,0.1665416354088522,68.28719093686058,9963.50927734375,0.0,,"{""expert_expansion"": 4.0, ""threshold"": 0.7, ""adapt_lr"": 0.01, ""expert_dropout"": 0.1}"
42,1,adaptive,"{""MODEL_NAME"": ""vinai/phobert-large"", ""MAX_LEN"": 256, ""NUM_LABELS"": 3, ""BATCH_SIZE"": 12, ""LR"": 1.5e-05, ""EPOCHS"": 10, ""PATIENCE"": 3, ""SEEDS"": [42], ""NUM_EXPERTS"": 8, ""CAPACITY_FACTOR"": 1.5, ""ROUTING_LOSS_WEIGHT"": 1.0, ""RESUME_EXPERIMENT"": true, ""expert_expansion"": 4.0, ""threshold"": 0.7, ""adapt_lr"": 0.05, ""expert_dropout"": 0.1}",0.333,0.1665416354088522,70.76523985181537,10671.92333984375,0.0,,"{""expert_expansion"": 4.0, ""threshold"": 0.7, ""adapt_lr"": 0.05, ""expert_dropout"": 0.1}"
42,2,adaptive,"{""MODEL_NAME"": ""vinai/phobert-large"", ""MAX_LEN"": 256, ""NUM_LABELS"": 3, ""BATCH_SIZE"": 12, ""LR"": 1.5e-05, ""EPOCHS"": 10, ""PATIENCE"": 3, ""SEEDS"": [42], ""NUM_EXPERTS"": 8, ""CAPACITY_FACTOR"": 1.5, ""ROUTING_LOSS_WEIGHT"": 1.0, ""RESUME_EXPERIMENT"": true, ""expert_expansion"": 4.0, ""threshold"": 0.7, ""adapt_lr"": 0.05, ""expert_dropout"": 0.1}",0.333,0.1665416354088522,72.70597843896776,10763.935546875,0.0,,"{""expert_expansion"": 4.0, ""threshold"": 0.7, ""adapt_lr"": 0.05, ""expert_dropout"": 0.1}"
42,3,adaptive,"{""MODEL_NAME"": ""vinai/phobert-large"", ""MAX_LEN"": 256, ""NUM_LABELS"": 3, ""BATCH_SIZE"": 12, ""LR"": 1.5e-05, ""EPOCHS"": 10, ""PATIENCE"": 3, ""SEEDS"": [42], ""NUM_EXPERTS"": 8, ""CAPACITY_FACTOR"": 1.5, ""ROUTING_LOSS_WEIGHT"": 1.0, ""RESUME_EXPERIMENT"": true, ""expert_expansion"": 4.0, ""threshold"": 0.7, ""adapt_lr"": 0.05, ""expert_dropout"": 0.1}",0.333,0.1665416354088522,70.88302430652436,10763.935546875,0.0,,"{""expert_expansion"": 4.0, ""threshold"": 0.7, ""adapt_lr"": 0.05, ""expert_dropout"": 0.1}"
42,4,adaptive,"{""MODEL_NAME"": ""vinai/phobert-large"", ""MAX_LEN"": 256, ""NUM_LABELS"": 3, ""BATCH_SIZE"": 12, ""LR"": 1.5e-05, ""EPOCHS"": 10, ""PATIENCE"": 3, ""SEEDS"": [42], ""NUM_EXPERTS"": 8, ""CAPACITY_FACTOR"": 1.5, ""ROUTING_LOSS_WEIGHT"": 1.0, ""RESUME_EXPERIMENT"": true, ""expert_expansion"": 4.0, ""threshold"": 0.7, ""adapt_lr"": 0.05, ""expert_dropout"": 0.1}",0.333,0.1665416354088522,73.00288336617606,10763.935546875,0.0,,"{""expert_expansion"": 4.0, ""threshold"": 0.7, ""adapt_lr"": 0.05, ""expert_dropout"": 0.1}"
42,1,deepseek,"{""MODEL_NAME"": ""vinai/phobert-large"", ""MAX_LEN"": 256, ""NUM_LABELS"": 3, ""BATCH_SIZE"": 12, ""LR"": 1.5e-05, ""EPOCHS"": 10, ""PATIENCE"": 3, ""SEEDS"": [42], ""NUM_EXPERTS"": 8, ""CAPACITY_FACTOR"": 1.5, ""ROUTING_LOSS_WEIGHT"": 1.0, ""RESUME_EXPERIMENT"": true, ""num_routed_to_select"": 2, ""noise_level"": 0.0, ""expert_expansion"": 2.0, ""expert_dropout"": 0.1}",0.432,0.3453770399927833,76.58220188958305,10348.0185546875,0.0,,"{""num_shared_experts"": 2, ""num_routed_to_select"": 2, ""noise_level"": 0.0, ""expert_expansion"": 2.0, ""expert_dropout"": 0.1}"
42,2,deepseek,"{""MODEL_NAME"": ""vinai/phobert-large"", ""MAX_LEN"": 256, ""NUM_LABELS"": 3, ""BATCH_SIZE"": 12, ""LR"": 1.5e-05, ""EPOCHS"": 10, ""PATIENCE"": 3, ""SEEDS"": [42], ""NUM_EXPERTS"": 8, ""CAPACITY_FACTOR"": 1.5, ""ROUTING_LOSS_WEIGHT"": 1.0, ""RESUME_EXPERIMENT"": true, ""num_routed_to_select"": 2, ""noise_level"": 0.0, ""expert_expansion"": 2.0, ""expert_dropout"": 0.1}",0.398,0.3034921269016945,76.76365261986143,10349.39453125,0.0,,"{""num_shared_experts"": 2, ""num_routed_to_select"": 2, ""noise_level"": 0.0, ""expert_expansion"": 2.0, ""expert_dropout"": 0.1}"
42,3,deepseek,"{""MODEL_NAME"": ""vinai/phobert-large"", ""MAX_LEN"": 256, ""NUM_LABELS"": 3, ""BATCH_SIZE"": 12, ""LR"": 1.5e-05, ""EPOCHS"": 10, ""PATIENCE"": 3, ""SEEDS"": [42], ""NUM_EXPERTS"": 8, ""CAPACITY_FACTOR"": 1.5, ""ROUTING_LOSS_WEIGHT"": 1.0, ""RESUME_EXPERIMENT"": true, ""num_routed_to_select"": 2, ""noise_level"": 0.0, ""expert_expansion"": 2.0, ""expert_dropout"": 0.1}",0.426,0.3357021680596411,76.726462159838,10349.39453125,0.0,,"{""num_shared_experts"": 2, ""num_routed_to_select"": 2, ""noise_level"": 0.0, ""expert_expansion"": 2.0, ""expert_dropout"": 0.1}"
42,4,deepseek,"{""MODEL_NAME"": ""vinai/phobert-large"", ""MAX_LEN"": 256, ""NUM_LABELS"": 3, ""BATCH_SIZE"": 12, ""LR"": 1.5e-05, ""EPOCHS"": 10, ""PATIENCE"": 3, ""SEEDS"": [42], ""NUM_EXPERTS"": 8, ""CAPACITY_FACTOR"": 1.5, ""ROUTING_LOSS_WEIGHT"": 1.0, ""RESUME_EXPERIMENT"": true, ""num_routed_to_select"": 2, ""noise_level"": 0.0, ""expert_expansion"": 2.0, ""expert_dropout"": 0.1}",0.419,0.3280481664626164,75.95076447441465,10349.39453125,0.0,,"{""num_shared_experts"": 2, ""num_routed_to_select"": 2, ""noise_level"": 0.0, ""expert_expansion"": 2.0, ""expert_dropout"": 0.1}"
42,1,deepseek,"{""MODEL_NAME"": ""vinai/phobert-large"", ""MAX_LEN"": 256, ""NUM_LABELS"": 3, ""BATCH_SIZE"": 12, ""LR"": 1.5e-05, ""EPOCHS"": 10, ""PATIENCE"": 3, ""SEEDS"": [42], ""NUM_EXPERTS"": 8, ""CAPACITY_FACTOR"": 1.5, ""ROUTING_LOSS_WEIGHT"": 1.0, ""RESUME_EXPERIMENT"": true, ""num_routed_to_select"": 2, ""noise_level"": 0.0, ""expert_expansion"": 4.0, ""expert_dropout"": 0.1}",0.333,0.1665416354088522,80.8589259783427,10845.0517578125,0.0,,"{""num_shared_experts"": 2, ""num_routed_to_select"": 2, ""noise_level"": 0.0, ""expert_expansion"": 4.0, ""expert_dropout"": 0.1}"
42,2,deepseek,"{""MODEL_NAME"": ""vinai/phobert-large"", ""MAX_LEN"": 256, ""NUM_LABELS"": 3, ""BATCH_SIZE"": 12, ""LR"": 1.5e-05, ""EPOCHS"": 10, ""PATIENCE"": 3, ""SEEDS"": [42], ""NUM_EXPERTS"": 8, ""CAPACITY_FACTOR"": 1.5, ""ROUTING_LOSS_WEIGHT"": 1.0, ""RESUME_EXPERIMENT"": true, ""num_routed_to_select"": 2, ""noise_level"": 0.0, ""expert_expansion"": 4.0, ""expert_dropout"": 0.1}",0.425,0.3376856937729562,85.4436130750747,10845.0517578125,0.0,,"{""num_shared_experts"": 2, ""num_routed_to_select"": 2, ""noise_level"": 0.0, ""expert_expansion"": 4.0, ""expert_dropout"": 0.1}"
42,3,deepseek,"{""MODEL_NAME"": ""vinai/phobert-large"", ""MAX_LEN"": 256, ""NUM_LABELS"": 3, ""BATCH_SIZE"": 12, ""LR"": 1.5e-05, ""EPOCHS"": 10, ""PATIENCE"": 3, ""SEEDS"": [42], ""NUM_EXPERTS"": 8, ""CAPACITY_FACTOR"": 1.5, ""ROUTING_LOSS_WEIGHT"": 1.0, ""RESUME_EXPERIMENT"": true, ""num_routed_to_select"": 2, ""noise_level"": 0.0, ""expert_expansion"": 4.0, ""expert_dropout"": 0.1}",0.444,0.3555999812734642,80.47777698153541,10845.0517578125,0.0,,"{""num_shared_experts"": 2, ""num_routed_to_select"": 2, ""noise_level"": 0.0, ""expert_expansion"": 4.0, ""expert_dropout"": 0.1}"
42,4,deepseek,"{""MODEL_NAME"": ""vinai/phobert-large"", ""MAX_LEN"": 256, ""NUM_LABELS"": 3, ""BATCH_SIZE"": 12, ""LR"": 1.5e-05, ""EPOCHS"": 10, ""PATIENCE"": 3, ""SEEDS"": [42], ""NUM_EXPERTS"": 8, ""CAPACITY_FACTOR"": 1.5, ""ROUTING_LOSS_WEIGHT"": 1.0, ""RESUME_EXPERIMENT"": true, ""num_routed_to_select"": 2, ""noise_level"": 0.0, ""expert_expansion"": 4.0, ""expert_dropout"": 0.1}",0.398,0.30838521559964,80.15963009425572,10845.0517578125,0.0,,"{""num_shared_experts"": 2, ""num_routed_to_select"": 2, ""noise_level"": 0.0, ""expert_expansion"": 4.0, ""expert_dropout"": 0.1}"
42,5,deepseek,"{""MODEL_NAME"": ""vinai/phobert-large"", ""MAX_LEN"": 256, ""NUM_LABELS"": 3, ""BATCH_SIZE"": 12, ""LR"": 1.5e-05, ""EPOCHS"": 10, ""PATIENCE"": 3, ""SEEDS"": [42], ""NUM_EXPERTS"": 8, ""CAPACITY_FACTOR"": 1.5, ""ROUTING_LOSS_WEIGHT"": 1.0, ""RESUME_EXPERIMENT"": true, ""num_routed_to_select"": 2, ""noise_level"": 0.0, ""expert_expansion"": 4.0, ""expert_dropout"": 0.1}",0.42,0.3311022456806718,80.92141435259865,10845.0517578125,0.0,,"{""num_shared_experts"": 2, ""num_routed_to_select"": 2, ""noise_level"": 0.0, ""expert_expansion"": 4.0, ""expert_dropout"": 0.1}"
42,6,deepseek,"{""MODEL_NAME"": ""vinai/phobert-large"", ""MAX_LEN"": 256, ""NUM_LABELS"": 3, ""BATCH_SIZE"": 12, ""LR"": 1.5e-05, ""EPOCHS"": 10, ""PATIENCE"": 3, ""SEEDS"": [42], ""NUM_EXPERTS"": 8, ""CAPACITY_FACTOR"": 1.5, ""ROUTING_LOSS_WEIGHT"": 1.0, ""RESUME_EXPERIMENT"": true, ""num_routed_to_select"": 2, ""noise_level"": 0.0, ""expert_expansion"": 4.0, ""expert_dropout"": 0.1}",0.425,0.4250071605022597,83.32420246941703,10845.0517578125,0.0,,"{""num_shared_experts"": 2, ""num_routed_to_select"": 2, ""noise_level"": 0.0, ""expert_expansion"": 4.0, ""expert_dropout"": 0.1}"
42,7,deepseek,"{""MODEL_NAME"": ""vinai/phobert-large"", ""MAX_LEN"": 256, ""NUM_LABELS"": 3, ""BATCH_SIZE"": 12, ""LR"": 1.5e-05, ""EPOCHS"": 10, ""PATIENCE"": 3, ""SEEDS"": [42], ""NUM_EXPERTS"": 8, ""CAPACITY_FACTOR"": 1.5, ""ROUTING_LOSS_WEIGHT"": 1.0, ""RESUME_EXPERIMENT"": true, ""num_routed_to_select"": 2, ""noise_level"": 0.0, ""expert_expansion"": 4.0, ""expert_dropout"": 0.1}",0.42,0.4151480060186409,80.5041307494754,10845.0517578125,0.0,,"{""num_shared_experts"": 2, ""num_routed_to_select"": 2, ""noise_level"": 0.0, ""expert_expansion"": 4.0, ""expert_dropout"": 0.1}"
42,8,deepseek,"{""MODEL_NAME"": ""vinai/phobert-large"", ""MAX_LEN"": 256, ""NUM_LABELS"": 3, ""BATCH_SIZE"": 12, ""LR"": 1.5e-05, ""EPOCHS"": 10, ""PATIENCE"": 3, ""SEEDS"": [42], ""NUM_EXPERTS"": 8, ""CAPACITY_FACTOR"": 1.5, ""ROUTING_LOSS_WEIGHT"": 1.0, ""RESUME_EXPERIMENT"": true, ""num_routed_to_select"": 2, ""noise_level"": 0.0, ""expert_expansion"": 4.0, ""expert_dropout"": 0.1}",0.421,0.4193135087835007,84.6841846193586,10845.0517578125,0.0,,"{""num_shared_experts"": 2, ""num_routed_to_select"": 2, ""noise_level"": 0.0, ""expert_expansion"": 4.0, ""expert_dropout"": 0.1}"
42,9,deepseek,"{""MODEL_NAME"": ""vinai/phobert-large"", ""MAX_LEN"": 256, ""NUM_LABELS"": 3, ""BATCH_SIZE"": 12, ""LR"": 1.5e-05, ""EPOCHS"": 10, ""PATIENCE"": 3, ""SEEDS"": [42], ""NUM_EXPERTS"": 8, ""CAPACITY_FACTOR"": 1.5, ""ROUTING_LOSS_WEIGHT"": 1.0, ""RESUME_EXPERIMENT"": true, ""num_routed_to_select"": 2, ""noise_level"": 0.0, ""expert_expansion"": 4.0, ""expert_dropout"": 0.1}",0.418,0.4184655971997977,80.12473867053077,10845.0517578125,0.0,,"{""num_shared_experts"": 2, ""num_routed_to_select"": 2, ""noise_level"": 0.0, ""expert_expansion"": 4.0, ""expert_dropout"": 0.1}"
42,1,deepseek,"{""MODEL_NAME"": ""vinai/phobert-large"", ""MAX_LEN"": 256, ""NUM_LABELS"": 3, ""BATCH_SIZE"": 12, ""LR"": 1.5e-05, ""EPOCHS"": 10, ""PATIENCE"": 3, ""SEEDS"": [42], ""NUM_EXPERTS"": 8, ""CAPACITY_FACTOR"": 1.5, ""ROUTING_LOSS_WEIGHT"": 1.0, ""RESUME_EXPERIMENT"": true, ""num_routed_to_select"": 2, ""noise_level"": 0.1, ""expert_expansion"": 2.0, ""expert_dropout"": 0.1}",0.369,0.3181861629895584,77.36931244532268,10539.0556640625,0.0,,"{""num_shared_experts"": 2, ""num_routed_to_select"": 2, ""noise_level"": 0.1, ""expert_expansion"": 2.0, ""expert_dropout"": 0.1}"
42,2,deepseek,"{""MODEL_NAME"": ""vinai/phobert-large"", ""MAX_LEN"": 256, ""NUM_LABELS"": 3, ""BATCH_SIZE"": 12, ""LR"": 1.5e-05, ""EPOCHS"": 10, ""PATIENCE"": 3, ""SEEDS"": [42], ""NUM_EXPERTS"": 8, ""CAPACITY_FACTOR"": 1.5, ""ROUTING_LOSS_WEIGHT"": 1.0, ""RESUME_EXPERIMENT"": true, ""num_routed_to_select"": 2, ""noise_level"": 0.1, ""expert_expansion"": 2.0, ""expert_dropout"": 0.1}",0.42,0.4172809912294461,76.58885206495013,10539.0556640625,0.0,,"{""num_shared_experts"": 2, ""num_routed_to_select"": 2, ""noise_level"": 0.1, ""expert_expansion"": 2.0, ""expert_dropout"": 0.1}"
42,3,deepseek,"{""MODEL_NAME"": ""vinai/phobert-large"", ""MAX_LEN"": 256, ""NUM_LABELS"": 3, ""BATCH_SIZE"": 12, ""LR"": 1.5e-05, ""EPOCHS"": 10, ""PATIENCE"": 3, ""SEEDS"": [42], ""NUM_EXPERTS"": 8, ""CAPACITY_FACTOR"": 1.5, ""ROUTING_LOSS_WEIGHT"": 1.0, ""RESUME_EXPERIMENT"": true, ""num_routed_to_select"": 2, ""noise_level"": 0.1, ""expert_expansion"": 2.0, ""expert_dropout"": 0.1}",0.449,0.3598772344573016,82.43898550669353,10539.0556640625,0.0,,"{""num_shared_experts"": 2, ""num_routed_to_select"": 2, ""noise_level"": 0.1, ""expert_expansion"": 2.0, ""expert_dropout"": 0.1}"
42,4,deepseek,"{""MODEL_NAME"": ""vinai/phobert-large"", ""MAX_LEN"": 256, ""NUM_LABELS"": 3, ""BATCH_SIZE"": 12, ""LR"": 1.5e-05, ""EPOCHS"": 10, ""PATIENCE"": 3, ""SEEDS"": [42], ""NUM_EXPERTS"": 8, ""CAPACITY_FACTOR"": 1.5, ""ROUTING_LOSS_WEIGHT"": 1.0, ""RESUME_EXPERIMENT"": true, ""num_routed_to_select"": 2, ""noise_level"": 0.1, ""expert_expansion"": 2.0, ""expert_dropout"": 0.1}",0.388,0.2876110364164971,76.53879835492089,10539.0556640625,0.0,,"{""num_shared_experts"": 2, ""num_routed_to_select"": 2, ""noise_level"": 0.1, ""expert_expansion"": 2.0, ""expert_dropout"": 0.1}"
42,5,deepseek,"{""MODEL_NAME"": ""vinai/phobert-large"", ""MAX_LEN"": 256, ""NUM_LABELS"": 3, ""BATCH_SIZE"": 12, ""LR"": 1.5e-05, ""EPOCHS"": 10, ""PATIENCE"": 3, ""SEEDS"": [42], ""NUM_EXPERTS"": 8, ""CAPACITY_FACTOR"": 1.5, ""ROUTING_LOSS_WEIGHT"": 1.0, ""RESUME_EXPERIMENT"": true, ""num_routed_to_select"": 2, ""noise_level"": 0.1, ""expert_expansion"": 2.0, ""expert_dropout"": 0.1}",0.43,0.3443154866108588,75.89378243400938,10539.0556640625,0.0,,"{""num_shared_experts"": 2, ""num_routed_to_select"": 2, ""noise_level"": 0.1, ""expert_expansion"": 2.0, ""expert_dropout"": 0.1}"
42,1,deepseek,"{""MODEL_NAME"": ""vinai/phobert-large"", ""MAX_LEN"": 256, ""NUM_LABELS"": 3, ""BATCH_SIZE"": 12, ""LR"": 1.5e-05, ""EPOCHS"": 10, ""PATIENCE"": 3, ""SEEDS"": [42], ""NUM_EXPERTS"": 8, ""CAPACITY_FACTOR"": 1.5, ""ROUTING_LOSS_WEIGHT"": 1.0, ""RESUME_EXPERIMENT"": true, ""num_routed_to_select"": 2, ""noise_level"": 0.1, ""expert_expansion"": 4.0, ""expert_dropout"": 0.1}",0.333,0.1665416354088522,76.76538966950916,10814.39306640625,0.0,,"{""num_shared_experts"": 2, ""num_routed_to_select"": 2, ""noise_level"": 0.1, ""expert_expansion"": 4.0, ""expert_dropout"": 0.1}"
42,2,deepseek,"{""MODEL_NAME"": ""vinai/phobert-large"", ""MAX_LEN"": 256, ""NUM_LABELS"": 3, ""BATCH_SIZE"": 12, ""LR"": 1.5e-05, ""EPOCHS"": 10, ""PATIENCE"": 3, ""SEEDS"": [42], ""NUM_EXPERTS"": 8, ""CAPACITY_FACTOR"": 1.5, ""ROUTING_LOSS_WEIGHT"": 1.0, ""RESUME_EXPERIMENT"": true, ""num_routed_to_select"": 2, ""noise_level"": 0.1, ""expert_expansion"": 4.0, ""expert_dropout"": 0.1}",0.333,0.1665416354088522,76.22998669033959,10814.39306640625,0.0,,"{""num_shared_experts"": 2, ""num_routed_to_select"": 2, ""noise_level"": 0.1, ""expert_expansion"": 4.0, ""expert_dropout"": 0.1}"
42,3,deepseek,"{""MODEL_NAME"": ""vinai/phobert-large"", ""MAX_LEN"": 256, ""NUM_LABELS"": 3, ""BATCH_SIZE"": 12, ""LR"": 1.5e-05, ""EPOCHS"": 10, ""PATIENCE"": 3, ""SEEDS"": [42], ""NUM_EXPERTS"": 8, ""CAPACITY_FACTOR"": 1.5, ""ROUTING_LOSS_WEIGHT"": 1.0, ""RESUME_EXPERIMENT"": true, ""num_routed_to_select"": 2, ""noise_level"": 0.1, ""expert_expansion"": 4.0, ""expert_dropout"": 0.1}",0.333,0.1665416354088522,76.3598226365589,10814.39306640625,0.0,,"{""num_shared_experts"": 2, ""num_routed_to_select"": 2, ""noise_level"": 0.1, ""expert_expansion"": 4.0, ""expert_dropout"": 0.1}"
42,4,deepseek,"{""MODEL_NAME"": ""vinai/phobert-large"", ""MAX_LEN"": 256, ""NUM_LABELS"": 3, ""BATCH_SIZE"": 12, ""LR"": 1.5e-05, ""EPOCHS"": 10, ""PATIENCE"": 3, ""SEEDS"": [42], ""NUM_EXPERTS"": 8, ""CAPACITY_FACTOR"": 1.5, ""ROUTING_LOSS_WEIGHT"": 1.0, ""RESUME_EXPERIMENT"": true, ""num_routed_to_select"": 2, ""noise_level"": 0.1, ""expert_expansion"": 4.0, ""expert_dropout"": 0.1}",0.333,0.16654163540885222,78.33565700621833,10814.39306640625,0.0,None,"{""num_shared_experts"": 2, ""num_routed_to_select"": 2, ""noise_level"": 0.1, ""expert_expansion"": 4.0, ""expert_dropout"": 0.1}"
